fund_id,nav_date,nav_value,daily_return,rolling_30d_vol
MF_EQUITY_001,2023-01-02,86.3309,-0.012843,
MF_EQUITY_001,2023-01-03,86.7044,0.004327,
MF_EQUITY_001,2023-01-04,87.0381,0.003848,
MF_EQUITY_001,2023-01-05,88.1371,0.012626,
MF_EQUITY_001,2023-01-06,87.5668,-0.006471,0.15861
MF_EQUITY_001,2023-01-09,87.0587,-0.005802,0.147269
MF_EQUITY_001,2023-01-10,86.5053,-0.006357,0.138628
MF_EQUITY_001,2023-01-11,85.5893,-0.010589,0.13806
MF_EQUITY_001,2023-01-12,82.9488,-0.030851,0.197318
MF_EQUITY_001,2023-01-13,83.9363,0.011904,0.20615
MF_EQUITY_001,2023-01-16,84.8006,0.010297,0.207231
MF_EQUITY_001,2023-01-17,83.2923,-0.017787,0.209304
MF_EQUITY_001,2023-01-18,82.9061,-0.004637,0.200415
MF_EQUITY_001,2023-01-19,82.209,-0.008409,0.193448
MF_EQUITY_001,2023-01-20,81.5562,-0.00794,0.186995
MF_EQUITY_001,2023-01-23,79.503,-0.025175,0.198285
MF_EQUITY_001,2023-01-24,78.9422,-0.007054,0.192043
MF_EQUITY_001,2023-01-25,79.5479,0.007673,0.193143
MF_EQUITY_001,2023-01-26,82.0309,0.031214,0.22978
MF_EQUITY_001,2023-01-27,82.46,0.005231,0.225676
MF_EQUITY_001,2023-01-30,82.6221,0.001967,0.220591
MF_EQUITY_001,2023-01-31,82.1524,-0.005685,0.215526
MF_EQUITY_001,2023-02-01,81.6018,-0.006703,0.210977
MF_EQUITY_001,2023-02-02,82.5703,0.011869,0.211833
MF_EQUITY_001,2023-02-03,82.9,0.003992,0.208334
MF_EQUITY_001,2023-02-06,82.3092,-0.007127,0.204735
MF_EQUITY_001,2023-02-07,81.3413,-0.011759,0.202851
MF_EQUITY_001,2023-02-08,81.2241,-0.001441,0.199089
MF_EQUITY_001,2023-02-09,80.7446,-0.005904,0.19575
MF_EQUITY_001,2023-02-10,80.7796,0.000434,0.192556
MF_EQUITY_001,2023-02-13,80.5976,-0.002253,0.190078
MF_EQUITY_001,2023-02-14,81.0144,0.005172,0.190346
MF_EQUITY_001,2023-02-15,79.825,-0.014681,0.192798
MF_EQUITY_001,2023-02-16,80.9109,0.013604,0.193498
MF_EQUITY_001,2023-02-17,83.6489,0.03384,0.220233
MF_EQUITY_001,2023-02-20,84.8889,0.014824,0.224743
MF_EQUITY_001,2023-02-21,85.1541,0.003124,0.224365
MF_EQUITY_001,2023-02-22,86.0977,0.011081,0.224628
MF_EQUITY_001,2023-02-23,85.0982,-0.011609,0.207732
MF_EQUITY_001,2023-02-24,83.5239,-0.0185,0.212419
MF_EQUITY_001,2023-02-27,84.3411,0.009784,0.212206
MF_EQUITY_001,2023-02-28,83.8387,-0.005958,0.206324
MF_EQUITY_001,2023-03-01,82.5257,-0.01566,0.211036
MF_EQUITY_001,2023-03-02,81.6949,-0.010067,0.211659
MF_EQUITY_001,2023-03-03,80.6275,-0.013067,0.213815
MF_EQUITY_001,2023-03-06,80.7978,0.002113,0.20043
MF_EQUITY_001,2023-03-07,81.4027,0.007485,0.200025
MF_EQUITY_001,2023-03-08,82.3105,0.011153,0.201269
MF_EQUITY_001,2023-03-09,83.2351,0.011232,0.182881
MF_EQUITY_001,2023-03-10,84.0308,0.00956,0.184269
MF_EQUITY_001,2023-03-13,83.8639,-0.001986,0.184388
MF_EQUITY_001,2023-03-14,83.2784,-0.006982,0.184808
MF_EQUITY_001,2023-03-15,81.8129,-0.017598,0.191098
MF_EQUITY_001,2023-03-16,82.9333,0.013696,0.192142
MF_EQUITY_001,2023-03-17,82.7979,-0.001633,0.191873
MF_EQUITY_001,2023-03-20,82.4316,-0.004425,0.191156
MF_EQUITY_001,2023-03-21,83.6398,0.014657,0.192221
MF_EQUITY_001,2023-03-22,82.7801,-0.010278,0.194884
MF_EQUITY_001,2023-03-23,83.6507,0.010518,0.195854
MF_EQUITY_001,2023-03-24,83.9902,0.004059,0.196004
MF_EQUITY_001,2023-03-27,82.9862,-0.011954,0.199548
MF_EQUITY_001,2023-03-28,82.9522,-0.00041,0.199202
MF_EQUITY_001,2023-03-29,83.9622,0.012176,0.196174
MF_EQUITY_001,2023-03-30,84.8058,0.010047,0.194572
MF_EQUITY_001,2023-03-31,86.37,0.018445,0.176732
MF_EQUITY_001,2023-04-03,86.7637,0.004558,0.172267
MF_EQUITY_001,2023-04-04,90.3182,0.040968,0.207952
MF_EQUITY_001,2023-04-05,89.3659,-0.010545,0.20923
MF_EQUITY_001,2023-04-06,88.983,-0.004284,0.206352
MF_EQUITY_001,2023-04-07,88.9625,-0.00023,0.197516
MF_EQUITY_001,2023-04-10,87.4924,-0.016525,0.203346
MF_EQUITY_001,2023-04-11,88.6307,0.01301,0.204886
MF_EQUITY_001,2023-04-12,89.636,0.011342,0.199615
MF_EQUITY_001,2023-04-13,89.7012,0.000728,0.195971
MF_EQUITY_001,2023-04-14,89.1708,-0.005913,0.191867
MF_EQUITY_001,2023-04-17,87.6156,-0.017441,0.201179
MF_EQUITY_001,2023-04-18,86.8296,-0.008971,0.203476
MF_EQUITY_001,2023-04-19,87.648,0.009425,0.202879
MF_EQUITY_001,2023-04-20,87.4686,-0.002046,0.201372
MF_EQUITY_001,2023-04-21,87.0643,-0.004622,0.200775
MF_EQUITY_001,2023-04-24,87.6318,0.006517,0.201093
MF_EQUITY_001,2023-04-25,88.8935,0.014398,0.202757
MF_EQUITY_001,2023-04-26,89.2122,0.003585,0.193832
MF_EQUITY_001,2023-04-27,89.5935,0.004274,0.191203
MF_EQUITY_001,2023-04-28,91.1132,0.016962,0.195141
MF_EQUITY_001,2023-05-01,91.3507,0.002607,0.193791
MF_EQUITY_001,2023-05-02,91.0574,-0.003211,0.191763
MF_EQUITY_001,2023-05-03,91.8384,0.008578,0.188252
MF_EQUITY_001,2023-05-04,91.6015,-0.00258,0.187858
MF_EQUITY_001,2023-05-05,91.243,-0.003914,0.188921
MF_EQUITY_001,2023-05-08,92.6832,0.015785,0.187153
MF_EQUITY_001,2023-05-09,92.4049,-0.003003,0.187805
MF_EQUITY_001,2023-05-10,89.5069,-0.031362,0.21156
MF_EQUITY_001,2023-05-11,89.9227,0.004646,0.2104
MF_EQUITY_001,2023-05-12,89.5409,-0.004246,0.20524
MF_EQUITY_001,2023-05-15,89.275,-0.00297,0.205356
MF_EQUITY_001,2023-05-16,89.8049,0.005935,0.167825
MF_EQUITY_001,2023-05-17,89.6708,-0.001493,0.164973
MF_EQUITY_001,2023-05-18,89.9469,0.003079,0.164627
MF_EQUITY_001,2023-05-19,87.8091,-0.023768,0.178937
MF_EQUITY_001,2023-05-22,86.8593,-0.010817,0.175185
MF_EQUITY_001,2023-05-23,88.3661,0.017348,0.178445
MF_EQUITY_001,2023-05-24,88.3906,0.000277,0.175164
MF_EQUITY_001,2023-05-25,86.6597,-0.019582,0.183703
MF_EQUITY_001,2023-05-26,85.5877,-0.01237,0.186115
MF_EQUITY_001,2023-05-29,84.6111,-0.011411,0.182353
MF_EQUITY_001,2023-05-30,84.7573,0.001728,0.180971
MF_EQUITY_001,2023-05-31,84.3597,-0.004691,0.17869
MF_EQUITY_001,2023-06-01,83.7345,-0.00741,0.179581
MF_EQUITY_001,2023-06-02,83.7804,0.000547,0.179398
MF_EQUITY_001,2023-06-05,84.3026,0.006233,0.179293
MF_EQUITY_001,2023-06-06,84.0827,-0.002608,0.173081
MF_EQUITY_001,2023-06-07,83.5448,-0.006397,0.172803
MF_EQUITY_001,2023-06-08,83.1641,-0.004558,0.171853
MF_EQUITY_001,2023-06-09,83.5448,0.004578,0.163247
MF_EQUITY_001,2023-06-12,83.5791,0.000411,0.162734
MF_EQUITY_001,2023-06-13,84.3905,0.009708,0.166782
MF_EQUITY_001,2023-06-14,83.2683,-0.013298,0.166232
MF_EQUITY_001,2023-06-15,82.5352,-0.008804,0.167005
MF_EQUITY_001,2023-06-16,83.3422,0.009778,0.171308
MF_EQUITY_001,2023-06-19,82.582,-0.009122,0.162617
MF_EQUITY_001,2023-06-20,83.9948,0.017108,0.17354
MF_EQUITY_001,2023-06-21,85.4532,0.017362,0.161682
MF_EQUITY_001,2023-06-22,86.9236,0.017208,0.169726
MF_EQUITY_001,2023-06-23,86.0485,-0.010068,0.171501
MF_EQUITY_001,2023-06-26,86.1709,0.001423,0.171595
MF_EQUITY_001,2023-06-27,85.7038,-0.005421,0.17069
MF_EQUITY_001,2023-06-28,86.6961,0.011578,0.174849
MF_EQUITY_001,2023-06-29,88.5149,0.020979,0.185884
MF_EQUITY_001,2023-06-30,89.487,0.010983,0.175001
MF_EQUITY_001,2023-07-03,89.5416,0.00061,0.171572
MF_EQUITY_001,2023-07-04,89.1936,-0.003886,0.164977
MF_EQUITY_001,2023-07-05,89.9329,0.008289,0.166568
MF_EQUITY_001,2023-07-06,88.6582,-0.014174,0.161527
MF_EQUITY_001,2023-07-07,89.2731,0.006936,0.157478
MF_EQUITY_001,2023-07-10,88.3379,-0.010476,0.156837
MF_EQUITY_001,2023-07-11,89.0398,0.007947,0.157952
MF_EQUITY_001,2023-07-12,88.9124,-0.001431,0.157088
MF_EQUITY_001,2023-07-13,88.5426,-0.004159,0.155708
MF_EQUITY_001,2023-07-14,87.646,-0.010126,0.159544
MF_EQUITY_001,2023-07-17,87.3146,-0.003781,0.159632
MF_EQUITY_001,2023-07-18,87.941,0.007173,0.16011
MF_EQUITY_001,2023-07-19,89.0865,0.013026,0.161626
MF_EQUITY_001,2023-07-20,89.6939,0.006817,0.160858
MF_EQUITY_001,2023-07-21,91.2067,0.016867,0.166049
MF_EQUITY_001,2023-07-24,94.0314,0.03097,0.18453
MF_EQUITY_001,2023-07-25,93.7122,-0.003394,0.184915
MF_EQUITY_001,2023-07-26,93.5276,-0.00197,0.178751
MF_EQUITY_001,2023-07-27,91.9581,-0.01678,0.185076
MF_EQUITY_001,2023-07-28,93.3181,0.014789,0.187071
MF_EQUITY_001,2023-07-31,94.8198,0.016093,0.186158
MF_EQUITY_001,2023-08-01,93.8806,-0.009906,0.186953
MF_EQUITY_001,2023-08-02,94.6233,0.007912,0.182952
MF_EQUITY_001,2023-08-03,96.0526,0.015105,0.181676
MF_EQUITY_001,2023-08-04,96.3614,0.003215,0.177144
MF_EQUITY_001,2023-08-07,97.3895,0.010669,0.178072
MF_EQUITY_001,2023-08-08,97.6425,0.002598,0.17583
MF_EQUITY_001,2023-08-09,96.2655,-0.014102,0.182371
MF_EQUITY_001,2023-08-10,97.5259,0.013092,0.177183
MF_EQUITY_001,2023-08-11,99.1254,0.016401,0.179901
MF_EQUITY_001,2023-08-14,100.0487,0.009314,0.180463
MF_EQUITY_001,2023-08-15,98.9527,-0.010954,0.184192
MF_EQUITY_001,2023-08-16,98.1102,-0.008514,0.18684
MF_EQUITY_001,2023-08-17,96.8284,-0.013065,0.185981
MF_EQUITY_001,2023-08-18,97.7715,0.00974,0.186672
MF_EQUITY_001,2023-08-21,99.3085,0.015721,0.185551
MF_EQUITY_001,2023-08-22,99.8641,0.005594,0.185238
MF_EQUITY_001,2023-08-23,101.0411,0.011786,0.185894
MF_EQUITY_001,2023-08-24,100.0396,-0.009912,0.188903
MF_EQUITY_001,2023-08-25,100.2647,0.00225,0.184123
MF_EQUITY_001,2023-08-28,98.6667,-0.015938,0.192106
MF_EQUITY_001,2023-08-29,97.8022,-0.008761,0.195451
MF_EQUITY_001,2023-08-30,98.8823,0.011044,0.194705
MF_EQUITY_001,2023-08-31,98.6475,-0.002375,0.19519
MF_EQUITY_001,2023-09-01,100.1284,0.015013,0.194137
MF_EQUITY_001,2023-09-04,100.8249,0.006956,0.175893
MF_EQUITY_001,2023-09-05,104.1837,0.033313,0.196388
MF_EQUITY_001,2023-09-06,104.353,0.001625,0.195776
MF_EQUITY_001,2023-09-07,102.644,-0.016377,0.195412
MF_EQUITY_001,2023-09-08,102.6528,8.6e-05,0.19282
MF_EQUITY_001,2023-09-11,101.5179,-0.011056,0.193166
MF_EQUITY_001,2023-09-12,102.759,0.012226,0.191609
MF_EQUITY_001,2023-09-13,102.8622,0.001004,0.191142
MF_EQUITY_001,2023-09-14,102.7442,-0.001147,0.187868
MF_EQUITY_001,2023-09-15,102.6425,-0.00099,0.188089
MF_EQUITY_001,2023-09-18,103.6057,0.009384,0.187621
MF_EQUITY_001,2023-09-19,103.095,-0.00493,0.188723
MF_EQUITY_001,2023-09-20,104.1078,0.009825,0.183791
MF_EQUITY_001,2023-09-21,105.4661,0.013047,0.183769
MF_EQUITY_001,2023-09-22,105.0858,-0.003606,0.179893
MF_EQUITY_001,2023-09-25,103.9706,-0.010613,0.18212
MF_EQUITY_001,2023-09-26,103.3826,-0.005656,0.179641
MF_EQUITY_001,2023-09-27,104.3152,0.009021,0.178312
MF_EQUITY_001,2023-09-28,104.4832,0.00161,0.172437
MF_EQUITY_001,2023-09-29,105.3254,0.008061,0.171901
MF_EQUITY_001,2023-10-02,107.6062,0.021655,0.176649
MF_EQUITY_001,2023-10-03,107.9583,0.003271,0.176451
MF_EQUITY_001,2023-10-04,106.9643,-0.009207,0.177504
MF_EQUITY_001,2023-10-05,108.375,0.013189,0.176702
MF_EQUITY_001,2023-10-06,108.496,0.001116,0.176759
MF_EQUITY_001,2023-10-09,109.6861,0.010969,0.169154
MF_EQUITY_001,2023-10-10,111.1443,0.013294,0.167227
MF_EQUITY_001,2023-10-11,109.9209,-0.011008,0.171682
MF_EQUITY_001,2023-10-12,111.7988,0.017084,0.175037
MF_EQUITY_001,2023-10-13,113.069,0.011361,0.173396
MF_EQUITY_001,2023-10-16,112.3061,-0.006747,0.175976
MF_EQUITY_001,2023-10-17,112.7725,0.004153,0.151929
MF_EQUITY_001,2023-10-18,113.177,0.003586,0.151916
MF_EQUITY_001,2023-10-19,113.2661,0.000787,0.140878
MF_EQUITY_001,2023-10-20,114.5078,0.010963,0.142225
MF_EQUITY_001,2023-10-23,116.5401,0.017748,0.140771
MF_EQUITY_001,2023-10-24,116.6086,0.000588,0.139361
MF_EQUITY_001,2023-10-25,118.5292,0.016471,0.143372
MF_EQUITY_001,2023-10-26,119.9941,0.012358,0.143866
MF_EQUITY_001,2023-10-27,120.3886,0.003288,0.14279
MF_EQUITY_001,2023-10-30,120.7033,0.002614,0.142484
MF_EQUITY_001,2023-10-31,119.0942,-0.013331,0.14955
MF_EQUITY_001,2023-11-01,117.009,-0.017509,0.162124
MF_EQUITY_001,2023-11-02,117.2992,0.00248,0.159849
MF_EQUITY_001,2023-11-03,116.153,-0.009771,0.163227
MF_EQUITY_001,2023-11-06,116.1559,2.4e-05,0.158127
MF_EQUITY_001,2023-11-07,115.4687,-0.005916,0.158263
MF_EQUITY_001,2023-11-08,113.0482,-0.020962,0.172762
MF_EQUITY_001,2023-11-09,113.5895,0.004788,0.172827
MF_EQUITY_001,2023-11-10,113.0812,-0.004474,0.173358
MF_EQUITY_001,2023-11-13,113.2466,0.001462,0.163496
MF_EQUITY_001,2023-11-14,112.0895,-0.010217,0.167044
MF_EQUITY_001,2023-11-15,111.6952,-0.003518,0.164731
MF_EQUITY_001,2023-11-16,113.8425,0.019225,0.169319
MF_EQUITY_001,2023-11-17,114.075,0.002043,0.169313
MF_EQUITY_001,2023-11-20,114.8844,0.007095,0.167841
MF_EQUITY_001,2023-11-21,113.1898,-0.01475,0.170519
MF_EQUITY_001,2023-11-22,116.4913,0.029168,0.185703
MF_EQUITY_001,2023-11-23,119.1265,0.022621,0.190249
MF_EQUITY_001,2023-11-24,121.1351,0.016861,0.193198
MF_EQUITY_001,2023-11-27,122.4004,0.010445,0.192572
MF_EQUITY_001,2023-11-28,122.4838,0.000682,0.192645
MF_EQUITY_001,2023-11-29,123.1948,0.005805,0.192828
MF_EQUITY_001,2023-11-30,124.8058,0.013076,0.194935
MF_EQUITY_001,2023-12-01,123.9268,-0.007043,0.195777
MF_EQUITY_001,2023-12-04,123.3277,-0.004834,0.191601
MF_EQUITY_001,2023-12-05,120.9192,-0.01953,0.20147
MF_EQUITY_001,2023-12-06,119.8597,-0.008762,0.198193
MF_EQUITY_001,2023-12-07,122.3091,0.020436,0.203717
MF_EQUITY_001,2023-12-08,121.8797,-0.003511,0.203925
MF_EQUITY_001,2023-12-11,121.4758,-0.003314,0.204112
MF_EQUITY_001,2023-12-12,121.9997,0.004313,0.200248
MF_EQUITY_001,2023-12-13,119.7004,-0.018847,0.20135
MF_EQUITY_001,2023-12-14,121.1182,0.011845,0.203829
MF_EQUITY_001,2023-12-15,123.0194,0.015697,0.205333
MF_EQUITY_001,2023-12-18,123.6379,0.005028,0.205427
MF_EQUITY_001,2023-12-19,126.1497,0.020316,0.210469
MF_EQUITY_001,2023-12-20,124.2043,-0.015422,0.205534
MF_EQUITY_001,2023-12-21,127.0143,0.022625,0.213077
MF_EQUITY_001,2023-12-22,125.9641,-0.008269,0.214638
MF_EQUITY_001,2023-12-25,124.0924,-0.014859,0.221222
MF_EQUITY_001,2023-12-26,123.8009,-0.002349,0.218248
MF_EQUITY_001,2023-12-27,126.6439,0.022964,0.224354
MF_EQUITY_001,2023-12-28,126.6776,0.000267,0.220076
MF_EQUITY_001,2023-12-29,125.3233,-0.010691,0.22395
MF_EQUITY_001,2024-01-01,123.4385,-0.015039,0.229748
MF_EQUITY_001,2024-01-02,123.3446,-0.000761,0.224131
MF_EQUITY_001,2024-01-03,120.4534,-0.02344,0.222541
MF_EQUITY_001,2024-01-04,118.6343,-0.015102,0.21781
MF_EQUITY_001,2024-01-05,120.8903,0.019017,0.219348
MF_EQUITY_001,2024-01-08,122.8704,0.016379,0.22245
MF_EQUITY_001,2024-01-09,122.7425,-0.001041,0.222475
MF_EQUITY_001,2024-01-10,122.118,-0.005088,0.222316
MF_EQUITY_001,2024-01-11,122.2648,0.001202,0.218791
MF_EQUITY_001,2024-01-12,125.7709,0.028676,0.23363
MF_EQUITY_001,2024-01-15,126.445,0.00536,0.233439
MF_EQUITY_001,2024-01-16,127.8886,0.011417,0.227004
MF_EQUITY_001,2024-01-17,127.6418,-0.001929,0.225053
MF_EQUITY_001,2024-01-18,127.7989,0.001231,0.218309
MF_EQUITY_001,2024-01-19,128.8553,0.008266,0.218602
MF_EQUITY_001,2024-01-22,129.1147,0.002013,0.218032
MF_EQUITY_001,2024-01-23,126.2395,-0.022269,0.229049
MF_EQUITY_001,2024-01-24,128.2425,0.015866,0.224649
MF_EQUITY_001,2024-01-25,127.36,-0.006882,0.224361
MF_EQUITY_001,2024-01-26,130.6504,0.025836,0.231636
MF_EQUITY_001,2024-01-29,131.7926,0.008742,0.232291
MF_EQUITY_001,2024-01-30,131.9707,0.001352,0.225878
MF_EQUITY_001,2024-01-31,132.7324,0.005772,0.22028
MF_EQUITY_001,2024-02-01,132.626,-0.000802,0.211806
MF_EQUITY_001,2024-02-02,131.9181,-0.005337,0.210795
MF_EQUITY_001,2024-02-05,132.3127,0.002991,0.204932
MF_EQUITY_001,2024-02-06,133.784,0.01112,0.206038
MF_EQUITY_001,2024-02-07,133.1052,-0.005074,0.197904
MF_EQUITY_001,2024-02-08,132.1778,-0.006967,0.199474
MF_EQUITY_001,2024-02-09,131.6801,-0.003766,0.19679
MF_EQUITY_001,2024-02-12,133.2502,0.011924,0.192296
MF_EQUITY_001,2024-02-13,135.6395,0.017931,0.197011
MF_EQUITY_001,2024-02-14,136.2966,0.004844,0.180042
MF_EQUITY_001,2024-02-15,137.3155,0.007476,0.170667
MF_EQUITY_001,2024-02-16,136.3465,-0.007056,0.168701
MF_EQUITY_001,2024-02-19,137.8492,0.011021,0.165997
MF_EQUITY_001,2024-02-20,138.8308,0.007121,0.165574
MF_EQUITY_001,2024-02-21,137.7172,-0.008022,0.167209
MF_EQUITY_001,2024-02-22,134.8317,-0.020952,0.182168
MF_EQUITY_001,2024-02-23,132.9243,-0.014147,0.172412
MF_EQUITY_001,2024-02-26,131.9233,-0.00753,0.174204
MF_EQUITY_001,2024-02-27,133.8287,0.014443,0.175917
MF_EQUITY_001,2024-02-28,136.3894,0.019134,0.182733
MF_EQUITY_001,2024-02-29,135.7383,-0.004774,0.183857
MF_EQUITY_001,2024-03-01,135.1417,-0.004395,0.183814
MF_EQUITY_001,2024-03-04,135.6336,0.003639,0.183902
MF_EQUITY_001,2024-03-05,135.7211,0.000646,0.169358
MF_EQUITY_001,2024-03-06,137.3052,0.011671,0.166894
MF_EQUITY_001,2024-03-07,136.5118,-0.005778,0.166394
MF_EQUITY_001,2024-03-08,138.1349,0.01189,0.15373
MF_EQUITY_001,2024-03-11,137.8074,-0.002371,0.152806
MF_EQUITY_001,2024-03-12,139.2885,0.010748,0.155118
MF_EQUITY_001,2024-03-13,138.9051,-0.002752,0.155211
MF_EQUITY_001,2024-03-14,137.9526,-0.006857,0.156994
MF_EQUITY_001,2024-03-15,141.1873,0.023448,0.168097
MF_EQUITY_001,2024-03-18,143.0627,0.013283,0.171074
MF_EQUITY_001,2024-03-19,140.0577,-0.021005,0.182246
MF_EQUITY_001,2024-03-20,139.3768,-0.004861,0.18218
MF_EQUITY_001,2024-03-21,141.4618,0.014959,0.184292
MF_EQUITY_001,2024-03-22,139.5011,-0.01386,0.189443
MF_EQUITY_001,2024-03-25,140.861,0.009748,0.188555
MF_EQUITY_001,2024-03-26,142.059,0.008505,0.183512
MF_EQUITY_001,2024-03-27,140.9382,-0.00789,0.185263
MF_EQUITY_001,2024-03-28,140.9937,0.000394,0.184307
MF_EQUITY_001,2024-03-29,137.5281,-0.02458,0.197449
MF_EQUITY_002,2023-01-02,141.788,0.021745,
MF_EQUITY_002,2023-01-03,140.4544,-0.009406,
MF_EQUITY_002,2023-01-04,139.9829,-0.003357,
MF_EQUITY_002,2023-01-05,140.7465,0.005455,
MF_EQUITY_002,2023-01-06,139.8648,-0.006265,0.198945
MF_EQUITY_002,2023-01-09,138.5547,-0.009367,0.191694
MF_EQUITY_002,2023-01-10,139.0292,0.003424,0.176337
MF_EQUITY_002,2023-01-11,139.5074,0.00344,0.164194
MF_EQUITY_002,2023-01-12,138.7285,-0.005583,0.157156
MF_EQUITY_002,2023-01-13,138.0137,-0.005152,0.150416
MF_EQUITY_002,2023-01-16,138.467,0.003285,0.143847
MF_EQUITY_002,2023-01-17,136.1301,-0.016877,0.157093
MF_EQUITY_002,2023-01-18,133.899,-0.01639,0.163975
MF_EQUITY_002,2023-01-19,132.8115,-0.008121,0.159215
MF_EQUITY_002,2023-01-20,132.5378,-0.002061,0.15348
MF_EQUITY_002,2023-01-23,133.0985,0.004231,0.151039
MF_EQUITY_002,2023-01-24,135.5215,0.018204,0.166672
MF_EQUITY_002,2023-01-25,136.984,0.010792,0.167948
MF_EQUITY_002,2023-01-26,136.7896,-0.001419,0.163239
MF_EQUITY_002,2023-01-27,136.8268,0.000272,0.158923
MF_EQUITY_002,2023-01-30,135.2491,-0.01153,0.159412
MF_EQUITY_002,2023-01-31,135.2867,0.000278,0.155648
MF_EQUITY_002,2023-02-01,134.8857,-0.002964,0.152193
MF_EQUITY_002,2023-02-02,135.4755,0.004373,0.149935
MF_EQUITY_002,2023-02-03,134.1984,-0.009427,0.149221
MF_EQUITY_002,2023-02-06,135.1019,0.006732,0.148327
MF_EQUITY_002,2023-02-07,137.6543,0.018893,0.157619
MF_EQUITY_002,2023-02-08,137.5435,-0.000805,0.154682
MF_EQUITY_002,2023-02-09,138.2753,0.005321,0.152786
MF_EQUITY_002,2023-02-10,139.4896,0.008782,0.15231
MF_EQUITY_002,2023-02-13,138.8878,-0.004315,0.138393
MF_EQUITY_002,2023-02-14,139.3307,0.003189,0.136268
MF_EQUITY_002,2023-02-15,139.4214,0.000651,0.135964
MF_EQUITY_002,2023-02-16,139.6545,0.001672,0.13506
MF_EQUITY_002,2023-02-17,138.4289,-0.008776,0.136227
MF_EQUITY_002,2023-02-20,138.5388,0.000794,0.133512
MF_EQUITY_002,2023-02-21,139.436,0.006476,0.134476
MF_EQUITY_002,2023-02-22,141.9338,0.017914,0.14379
MF_EQUITY_002,2023-02-23,143.6386,0.012011,0.146221
MF_EQUITY_002,2023-02-24,147.4218,0.026338,0.161967
MF_EQUITY_002,2023-02-27,146.138,-0.008708,0.165003
MF_EQUITY_002,2023-02-28,147.7409,0.010968,0.157086
MF_EQUITY_002,2023-03-01,148.1398,0.0027,0.14621
MF_EQUITY_002,2023-03-02,152.1066,0.026778,0.156879
MF_EQUITY_002,2023-03-03,150.7073,-0.0092,0.160819
MF_EQUITY_002,2023-03-06,149.264,-0.009577,0.165803
MF_EQUITY_002,2023-03-07,148.265,-0.006693,0.162788
MF_EQUITY_002,2023-03-08,144.5604,-0.024987,0.180109
MF_EQUITY_002,2023-03-09,143.7206,-0.005809,0.181249
MF_EQUITY_002,2023-03-10,142.4832,-0.00861,0.183674
MF_EQUITY_002,2023-03-13,142.8116,0.002305,0.179531
MF_EQUITY_002,2023-03-14,143.4687,0.004601,0.179634
MF_EQUITY_002,2023-03-15,146.7705,0.023014,0.188909
MF_EQUITY_002,2023-03-16,148.5178,0.011905,0.190677
MF_EQUITY_002,2023-03-17,147.5639,-0.006423,0.189149
MF_EQUITY_002,2023-03-20,146.0468,-0.010281,0.19281
MF_EQUITY_002,2023-03-21,146.982,0.006403,0.186989
MF_EQUITY_002,2023-03-22,144.7268,-0.015343,0.193683
MF_EQUITY_002,2023-03-23,147.9799,0.022478,0.202595
MF_EQUITY_002,2023-03-24,150.1483,0.014653,0.204918
MF_EQUITY_002,2023-03-27,149.3781,-0.00513,0.205168
MF_EQUITY_002,2023-03-28,146.3819,-0.020058,0.215312
MF_EQUITY_002,2023-03-29,148.8333,0.016746,0.219618
MF_EQUITY_002,2023-03-30,148.7031,-0.000874,0.219802
MF_EQUITY_002,2023-03-31,150.9863,0.015354,0.220468
MF_EQUITY_002,2023-04-03,148.1729,-0.018633,0.229169
MF_EQUITY_002,2023-04-04,147.1813,-0.006693,0.230281
MF_EQUITY_002,2023-04-05,147.2641,0.000563,0.225235
MF_EQUITY_002,2023-04-06,147.4208,0.001064,0.222946
MF_EQUITY_002,2023-04-07,146.6983,-0.004901,0.21006
MF_EQUITY_002,2023-04-10,147.8681,0.007974,0.209669
MF_EQUITY_002,2023-04-11,146.0476,-0.012311,0.210401
MF_EQUITY_002,2023-04-12,145.8711,-0.001209,0.210222
MF_EQUITY_002,2023-04-13,146.1546,0.001944,0.193987
MF_EQUITY_002,2023-04-14,147.13,0.006673,0.193794
MF_EQUITY_002,2023-04-17,148.4599,0.009039,0.193919
MF_EQUITY_002,2023-04-18,146.5306,-0.012996,0.19662
MF_EQUITY_002,2023-04-19,143.9063,-0.017909,0.189858
MF_EQUITY_002,2023-04-20,146.1847,0.015832,0.194489
MF_EQUITY_002,2023-04-21,146.8407,0.004488,0.192774
MF_EQUITY_002,2023-04-24,145.5952,-0.008482,0.194701
MF_EQUITY_002,2023-04-25,148.3781,0.019114,0.201638
MF_EQUITY_002,2023-04-26,148.6583,0.001888,0.190782
MF_EQUITY_002,2023-04-27,150.8363,0.014652,0.192369
MF_EQUITY_002,2023-04-28,151.034,0.00131,0.191222
MF_EQUITY_002,2023-05-01,154.8444,0.025229,0.200727
MF_EQUITY_002,2023-05-02,158.1835,0.021564,0.208266
MF_EQUITY_002,2023-05-03,157.79,-0.002488,0.201913
MF_EQUITY_002,2023-05-04,159.7085,0.012159,0.195355
MF_EQUITY_002,2023-05-05,161.0252,0.008245,0.192791
MF_EQUITY_002,2023-05-08,163.7504,0.016924,0.195872
MF_EQUITY_002,2023-05-09,161.9362,-0.011079,0.18821
MF_EQUITY_002,2023-05-10,163.3503,0.008733,0.184687
MF_EQUITY_002,2023-05-11,165.5067,0.013201,0.186503
MF_EQUITY_002,2023-05-12,162.0965,-0.020605,0.195769
MF_EQUITY_002,2023-05-15,159.8759,-0.013699,0.191632
MF_EQUITY_002,2023-05-16,156.0435,-0.023971,0.204996
MF_EQUITY_002,2023-05-17,155.6171,-0.002733,0.205423
MF_EQUITY_002,2023-05-18,157.0348,0.009111,0.206452
MF_EQUITY_002,2023-05-19,159.9444,0.018528,0.210585
MF_EQUITY_002,2023-05-22,160.1666,0.001389,0.21009
MF_EQUITY_002,2023-05-23,163.3769,0.020043,0.210859
MF_EQUITY_002,2023-05-24,160.7528,-0.016061,0.218208
MF_EQUITY_002,2023-05-25,157.5473,-0.019941,0.228401
MF_EQUITY_002,2023-05-26,157.5211,-0.000167,0.228203
MF_EQUITY_002,2023-05-29,158.3258,0.005109,0.227489
MF_EQUITY_002,2023-05-30,158.3429,0.000108,0.222985
MF_EQUITY_002,2023-05-31,154.4937,-0.024309,0.228816
MF_EQUITY_002,2023-06-01,154.4057,-0.000569,0.225406
MF_EQUITY_002,2023-06-02,152.0659,-0.015154,0.230592
MF_EQUITY_002,2023-06-05,153.3639,0.008536,0.229612
MF_EQUITY_002,2023-06-06,154.1153,0.004899,0.223943
MF_EQUITY_002,2023-06-07,152.4542,-0.010779,0.226677
MF_EQUITY_002,2023-06-08,151.5903,-0.005666,0.223625
MF_EQUITY_002,2023-06-09,149.7393,-0.012211,0.22649
MF_EQUITY_002,2023-06-12,149.7015,-0.000252,0.213297
MF_EQUITY_002,2023-06-13,151.4922,0.011962,0.206152
MF_EQUITY_002,2023-06-14,149.776,-0.011329,0.208155
MF_EQUITY_002,2023-06-15,150.7568,0.006549,0.205539
MF_EQUITY_002,2023-06-16,149.8729,-0.005863,0.203582
MF_EQUITY_002,2023-06-19,148.5219,-0.009014,0.196027
MF_EQUITY_002,2023-06-20,148.4054,-0.000784,0.194686
MF_EQUITY_002,2023-06-21,146.636,-0.011923,0.193224
MF_EQUITY_002,2023-06-22,145.7351,-0.006144,0.186701
MF_EQUITY_002,2023-06-23,143.7131,-0.013875,0.182524
MF_EQUITY_002,2023-06-26,147.1732,0.024077,0.197218
MF_EQUITY_002,2023-06-27,147.3091,0.000923,0.186788
MF_EQUITY_002,2023-06-28,146.1458,-0.007897,0.187598
MF_EQUITY_002,2023-06-29,146.5942,0.003068,0.185284
MF_EQUITY_002,2023-06-30,146.4699,-0.000848,0.17463
MF_EQUITY_002,2023-07-03,146.1547,-0.002152,0.17418
MF_EQUITY_002,2023-07-04,147.3049,0.00787,0.163435
MF_EQUITY_002,2023-07-05,148.7176,0.00959,0.163068
MF_EQUITY_002,2023-07-06,147.8452,-0.005866,0.154915
MF_EQUITY_002,2023-07-07,146.8976,-0.00641,0.155305
MF_EQUITY_002,2023-07-10,146.4862,-0.002801,0.153719
MF_EQUITY_002,2023-07-11,142.513,-0.027123,0.169128
MF_EQUITY_002,2023-07-12,139.9931,-0.017682,0.163005
MF_EQUITY_002,2023-07-13,142.3593,0.016902,0.173039
MF_EQUITY_002,2023-07-14,145.2406,0.02024,0.18103
MF_EQUITY_002,2023-07-17,144.8792,-0.002488,0.178539
MF_EQUITY_002,2023-07-18,145.954,0.007419,0.179511
MF_EQUITY_002,2023-07-19,146.5721,0.004235,0.178219
MF_EQUITY_002,2023-07-20,152.0607,0.037447,0.20992
MF_EQUITY_002,2023-07-21,154.1797,0.013935,0.210178
MF_EQUITY_002,2023-07-24,154.0201,-0.001035,0.210233
MF_EQUITY_002,2023-07-25,152.331,-0.010966,0.210378
MF_EQUITY_002,2023-07-26,149.4707,-0.018777,0.215002
MF_EQUITY_002,2023-07-27,149.9103,0.002942,0.214303
MF_EQUITY_002,2023-07-28,148.6247,-0.008576,0.21508
MF_EQUITY_002,2023-07-31,146.1624,-0.016567,0.218854
MF_EQUITY_002,2023-08-01,145.1014,-0.007259,0.219744
MF_EQUITY_002,2023-08-02,143.2908,-0.012479,0.219998
MF_EQUITY_002,2023-08-03,146.2634,0.020746,0.227854
MF_EQUITY_002,2023-08-04,147.884,0.01108,0.225911
MF_EQUITY_002,2023-08-07,147.9438,0.000404,0.215105
MF_EQUITY_002,2023-08-08,150.6451,0.018259,0.221345
MF_EQUITY_002,2023-08-09,150.8603,0.001428,0.219791
MF_EQUITY_002,2023-08-10,149.3765,-0.009835,0.221984
MF_EQUITY_002,2023-08-11,152.1815,0.018777,0.227984
MF_EQUITY_002,2023-08-14,153.2417,0.006967,0.22829
MF_EQUITY_002,2023-08-15,151.4109,-0.011947,0.230831
MF_EQUITY_002,2023-08-16,151.1408,-0.001784,0.229511
MF_EQUITY_002,2023-08-17,149.6283,-0.010007,0.230841
MF_EQUITY_002,2023-08-18,147.2202,-0.016094,0.235029
MF_EQUITY_002,2023-08-21,148.93,0.011614,0.237145
MF_EQUITY_002,2023-08-22,152.4169,0.023413,0.230845
MF_EQUITY_002,2023-08-23,149.9352,-0.016283,0.229824
MF_EQUITY_002,2023-08-24,151.023,0.007256,0.226203
MF_EQUITY_002,2023-08-25,149.9194,-0.007308,0.221004
MF_EQUITY_002,2023-08-28,149.118,-0.005346,0.221568
MF_EQUITY_002,2023-08-29,148.1325,-0.006609,0.221797
MF_EQUITY_002,2023-08-30,146.6708,-0.009868,0.223541
MF_EQUITY_002,2023-08-31,146.8295,0.001082,0.193615
MF_EQUITY_002,2023-09-01,145.4388,-0.009471,0.18967
MF_EQUITY_002,2023-09-04,145.9836,0.003745,0.190359
MF_EQUITY_002,2023-09-05,145.9686,-0.000103,0.188365
MF_EQUITY_002,2023-09-06,145.623,-0.002367,0.181037
MF_EQUITY_002,2023-09-07,144.1099,-0.010391,0.182754
MF_EQUITY_002,2023-09-08,143.1845,-0.006421,0.182109
MF_EQUITY_002,2023-09-11,144.554,0.009565,0.178637
MF_EQUITY_002,2023-09-12,145.4952,0.006511,0.178439
MF_EQUITY_002,2023-09-13,143.8612,-0.011231,0.177707
MF_EQUITY_002,2023-09-14,144.1046,0.001692,0.166803
MF_EQUITY_002,2023-09-15,145.476,0.009517,0.165924
MF_EQUITY_002,2023-09-18,142.6344,-0.019533,0.174809
MF_EQUITY_002,2023-09-19,143.6358,0.00702,0.166813
MF_EQUITY_002,2023-09-20,142.5655,-0.007451,0.167427
MF_EQUITY_002,2023-09-21,143.6129,0.007347,0.167693
MF_EQUITY_002,2023-09-22,142.3694,-0.008659,0.15777
MF_EQUITY_002,2023-09-25,139.357,-0.021159,0.164528
MF_EQUITY_002,2023-09-26,136.705,-0.019031,0.169054
MF_EQUITY_002,2023-09-27,136.8522,0.001077,0.169486
MF_EQUITY_002,2023-09-28,137.3472,0.003617,0.169366
MF_EQUITY_002,2023-09-29,135.9254,-0.010352,0.166236
MF_EQUITY_002,2023-10-02,137.035,0.008163,0.163957
MF_EQUITY_002,2023-10-03,134.3712,-0.019438,0.151145
MF_EQUITY_002,2023-10-04,134.3319,-0.000293,0.147038
MF_EQUITY_002,2023-10-05,132.4469,-0.014032,0.146304
MF_EQUITY_002,2023-10-06,131.4771,-0.007322,0.146307
MF_EQUITY_002,2023-10-09,131.6177,0.001069,0.147097
MF_EQUITY_002,2023-10-10,130.3245,-0.009825,0.147865
MF_EQUITY_002,2023-10-11,129.7883,-0.004115,0.146892
MF_EQUITY_002,2023-10-12,131.4204,0.012576,0.153972
MF_EQUITY_002,2023-10-13,130.5764,-0.006423,0.153221
MF_EQUITY_002,2023-10-16,131.9511,0.010528,0.157233
MF_EQUITY_002,2023-10-17,130.2283,-0.013056,0.1594
MF_EQUITY_002,2023-10-18,131.1213,0.006858,0.16231
MF_EQUITY_002,2023-10-19,133.4551,0.017799,0.172087
MF_EQUITY_002,2023-10-20,129.5636,-0.02916,0.188433
MF_EQUITY_002,2023-10-23,128.3894,-0.009063,0.185123
MF_EQUITY_002,2023-10-24,129.3427,0.007425,0.185587
MF_EQUITY_002,2023-10-25,129.0922,-0.001937,0.184325
MF_EQUITY_002,2023-10-26,129.7317,0.004954,0.185369
MF_EQUITY_002,2023-10-27,128.8563,-0.006748,0.18145
MF_EQUITY_002,2023-10-30,129.0546,0.001539,0.175941
MF_EQUITY_002,2023-10-31,128.8781,-0.001368,0.173338
MF_EQUITY_002,2023-11-01,130.7485,0.014513,0.18058
MF_EQUITY_002,2023-11-02,131.2131,0.003553,0.179053
MF_EQUITY_002,2023-11-03,131.8103,0.004551,0.179481
MF_EQUITY_002,2023-11-06,131.2247,-0.004443,0.170707
MF_EQUITY_002,2023-11-07,130.5225,-0.005351,0.163252
MF_EQUITY_002,2023-11-08,129.9102,-0.004691,0.163319
MF_EQUITY_002,2023-11-09,130.5901,0.005233,0.163841
MF_EQUITY_002,2023-11-10,129.9957,-0.004552,0.16201
MF_EQUITY_002,2023-11-13,130.5127,0.003977,0.1603
MF_EQUITY_002,2023-11-14,133.8284,0.025405,0.169311
MF_EQUITY_002,2023-11-15,135.2943,0.010953,0.172299
MF_EQUITY_002,2023-11-16,134.8326,-0.003412,0.167302
MF_EQUITY_002,2023-11-17,136.8436,0.014915,0.170479
MF_EQUITY_002,2023-11-20,136.2419,-0.004397,0.171303
MF_EQUITY_002,2023-11-21,132.9779,-0.023957,0.183663
MF_EQUITY_002,2023-11-22,131.4357,-0.011597,0.186636
MF_EQUITY_002,2023-11-23,128.5508,-0.02195,0.193888
MF_EQUITY_002,2023-11-24,128.0728,-0.003718,0.193348
MF_EQUITY_002,2023-11-27,128.1651,0.000721,0.190523
MF_EQUITY_002,2023-11-28,130.8075,0.020617,0.196748
MF_EQUITY_002,2023-11-29,131.3861,0.004423,0.19616
MF_EQUITY_002,2023-11-30,131.1064,-0.002129,0.188942
MF_EQUITY_002,2023-12-01,132.4768,0.010453,0.170779
MF_EQUITY_002,2023-12-04,129.028,-0.026034,0.185723
MF_EQUITY_002,2023-12-05,129.4573,0.003327,0.184721
MF_EQUITY_002,2023-12-06,130.7195,0.00975,0.186699
MF_EQUITY_002,2023-12-07,128.4655,-0.017243,0.193057
MF_EQUITY_002,2023-12-08,130.293,0.014225,0.196467
MF_EQUITY_002,2023-12-11,130.8874,0.004562,0.196808
MF_EQUITY_002,2023-12-12,130.3005,-0.004483,0.197278
MF_EQUITY_002,2023-12-13,131.3551,0.008093,0.194151
MF_EQUITY_002,2023-12-14,135.0,0.027748,0.209787
MF_EQUITY_002,2023-12-15,135.3621,0.002682,0.209585
MF_EQUITY_002,2023-12-18,135.833,0.003479,0.209064
MF_EQUITY_002,2023-12-19,135.1521,-0.005012,0.208973
MF_EQUITY_002,2023-12-20,133.8414,-0.009698,0.210706
MF_EQUITY_002,2023-12-21,135.2419,0.010464,0.212143
MF_EQUITY_002,2023-12-22,133.9202,-0.009773,0.213916
MF_EQUITY_002,2023-12-25,134.1022,0.001359,0.213743
MF_EQUITY_002,2023-12-26,133.4006,-0.005232,0.201425
MF_EQUITY_002,2023-12-27,134.234,0.006248,0.19965
MF_EQUITY_002,2023-12-28,134.8386,0.004504,0.199856
MF_EQUITY_002,2023-12-29,136.5849,0.01295,0.198666
MF_EQUITY_002,2024-01-01,135.8172,-0.00562,0.198933
MF_EQUITY_002,2024-01-02,135.4453,-0.002738,0.185829
MF_EQUITY_002,2024-01-03,133.9222,-0.011245,0.185629
MF_EQUITY_002,2024-01-04,133.2751,-0.004832,0.173735
MF_EQUITY_002,2024-01-05,133.9452,0.005028,0.173406
MF_EQUITY_002,2024-01-08,135.2289,0.009584,0.174932
MF_EQUITY_002,2024-01-09,133.8001,-0.010566,0.169109
MF_EQUITY_002,2024-01-10,135.2632,0.010935,0.171357
MF_EQUITY_002,2024-01-11,137.5313,0.016768,0.176993
MF_EQUITY_002,2024-01-12,138.2823,0.005461,0.175421
MF_EQUITY_002,2024-01-15,141.4658,0.023022,0.165896
MF_EQUITY_002,2024-01-16,140.223,-0.008785,0.169444
MF_EQUITY_002,2024-01-17,138.1987,-0.014436,0.17513
MF_EQUITY_002,2024-01-18,135.318,-0.020845,0.178826
MF_EQUITY_002,2024-01-19,137.815,0.018453,0.181775
MF_EQUITY_002,2024-01-22,138.9661,0.008352,0.182581
MF_EQUITY_002,2024-01-23,138.9429,-0.000167,0.181663
MF_EQUITY_002,2024-01-24,139.4791,0.00386,0.180884
MF_EQUITY_002,2024-01-25,137.6651,-0.013006,0.168759
MF_EQUITY_002,2024-01-26,141.7743,0.029849,0.188711
MF_EQUITY_002,2024-01-29,142.065,0.002051,0.188634
MF_EQUITY_002,2024-01-30,142.3225,0.001813,0.187601
MF_EQUITY_002,2024-01-31,143.6332,0.009209,0.18553
MF_EQUITY_002,2024-02-01,144.5341,0.006272,0.184345
MF_EQUITY_002,2024-02-02,144.9946,0.003187,0.180772
MF_EQUITY_002,2024-02-05,143.6918,-0.008986,0.183905
MF_EQUITY_002,2024-02-06,144.5766,0.006158,0.182774
MF_EQUITY_002,2024-02-07,147.914,0.023084,0.191862
MF_EQUITY_002,2024-02-08,150.3761,0.016645,0.195706
MF_EQUITY_002,2024-02-09,153.3262,0.019618,0.199361
MF_EQUITY_002,2024-02-12,152.4622,-0.005635,0.199367
MF_EQUITY_002,2024-02-13,150.7279,-0.011375,0.20341
MF_EQUITY_002,2024-02-14,150.5758,-0.001009,0.199013
MF_EQUITY_002,2024-02-15,150.7518,0.001169,0.197455
MF_EQUITY_002,2024-02-16,152.8066,0.01363,0.199337
MF_EQUITY_002,2024-02-19,149.7795,-0.01981,0.210676
MF_EQUITY_002,2024-02-20,152.6036,0.018855,0.210866
MF_EQUITY_002,2024-02-21,152.3905,-0.001396,0.210613
MF_EQUITY_002,2024-02-22,151.6861,-0.004623,0.208518
MF_EQUITY_002,2024-02-23,149.9196,-0.011645,0.212864
MF_EQUITY_002,2024-02-26,147.0175,-0.019358,0.213288
MF_EQUITY_002,2024-02-27,148.5432,0.010378,0.212589
MF_EQUITY_002,2024-02-28,148.7482,0.00138,0.206821
MF_EQUITY_002,2024-02-29,146.52,-0.01498,0.201694
MF_EQUITY_002,2024-03-01,144.3162,-0.015041,0.202369
MF_EQUITY_002,2024-03-04,143.8068,-0.003529,0.201861
MF_EQUITY_002,2024-03-05,146.759,0.020528,0.209396
MF_EQUITY_002,2024-03-06,146.3752,-0.002615,0.209713
MF_EQUITY_002,2024-03-07,143.8081,-0.017538,0.212861
MF_EQUITY_002,2024-03-08,143.4559,-0.002449,0.195406
MF_EQUITY_002,2024-03-11,143.0581,-0.002773,0.195567
MF_EQUITY_002,2024-03-12,138.4999,-0.031863,0.216541
MF_EQUITY_002,2024-03-13,138.4789,-0.000152,0.214465
MF_EQUITY_002,2024-03-14,138.1644,-0.002271,0.213329
MF_EQUITY_002,2024-03-15,139.3878,0.008854,0.215017
MF_EQUITY_002,2024-03-18,142.5502,0.022687,0.22447
MF_EQUITY_002,2024-03-19,144.5485,0.014019,0.227531
MF_EQUITY_002,2024-03-20,144.1544,-0.002727,0.216918
MF_EQUITY_002,2024-03-21,142.3124,-0.012778,0.213123
MF_EQUITY_002,2024-03-22,146.7782,0.03138,0.225723
MF_EQUITY_002,2024-03-25,146.9559,0.001211,0.225467
MF_EQUITY_002,2024-03-26,147.0539,0.000667,0.223404
MF_EQUITY_002,2024-03-27,147.0849,0.00021,0.223418
MF_EQUITY_002,2024-03-28,147.508,0.002877,0.223596
MF_EQUITY_002,2024-03-29,147.3262,-0.001232,0.219471
MF_EQUITY_003,2023-01-02,72.7238,0.031339,
MF_EQUITY_003,2023-01-03,71.794,-0.012785,
MF_EQUITY_003,2023-01-04,73.0262,0.017163,
MF_EQUITY_003,2023-01-05,70.7323,-0.031412,
MF_EQUITY_003,2023-01-06,69.0036,-0.024441,0.430602
MF_EQUITY_003,2023-01-09,68.0108,-0.014388,0.390951
MF_EQUITY_003,2023-01-10,67.0838,-0.01363,0.360003
MF_EQUITY_003,2023-01-11,67.2813,0.002944,0.337827
MF_EQUITY_003,2023-01-12,67.5489,0.003978,0.32009
MF_EQUITY_003,2023-01-13,67.3762,-0.002558,0.301954
MF_EQUITY_003,2023-01-16,67.2887,-0.001299,0.286838
MF_EQUITY_003,2023-01-17,67.7485,0.006833,0.27804
MF_EQUITY_003,2023-01-18,68.4597,0.010499,0.272939
MF_EQUITY_003,2023-01-19,67.4042,-0.015418,0.268218
MF_EQUITY_003,2023-01-20,67.1452,-0.003843,0.25848
MF_EQUITY_003,2023-01-23,67.1227,-0.000335,0.249962
MF_EQUITY_003,2023-01-24,67.5471,0.006324,0.24465
MF_EQUITY_003,2023-01-25,66.9546,-0.008772,0.238535
MF_EQUITY_003,2023-01-26,66.9164,-0.000571,0.231952
MF_EQUITY_003,2023-01-27,66.9739,0.00086,0.226109
MF_EQUITY_003,2023-01-30,66.4413,-0.007954,0.2212
MF_EQUITY_003,2023-01-31,65.8938,-0.00824,0.216671
MF_EQUITY_003,2023-02-01,66.0048,0.001685,0.212253
MF_EQUITY_003,2023-02-02,65.9346,-0.001064,0.207663
MF_EQUITY_003,2023-02-03,66.3635,0.006506,0.205386
MF_EQUITY_003,2023-02-06,65.5579,-0.012139,0.203534
MF_EQUITY_003,2023-02-07,65.3148,-0.003708,0.199605
MF_EQUITY_003,2023-02-08,65.1678,-0.002251,0.195879
MF_EQUITY_003,2023-02-09,65.8369,0.010266,0.196132
MF_EQUITY_003,2023-02-10,65.1268,-0.010785,0.194287
MF_EQUITY_003,2023-02-13,65.3428,0.003316,0.166818
MF_EQUITY_003,2023-02-14,65.5736,0.003533,0.165631
MF_EQUITY_003,2023-02-15,66.902,0.020257,0.169105
MF_EQUITY_003,2023-02-16,66.1269,-0.011585,0.148526
MF_EQUITY_003,2023-02-17,65.6384,-0.007387,0.133832
MF_EQUITY_003,2023-02-20,64.9329,-0.010748,0.131207
MF_EQUITY_003,2023-02-21,63.6643,-0.019537,0.13694
MF_EQUITY_003,2023-02-22,65.0443,0.021676,0.152362
MF_EQUITY_003,2023-02-23,64.1078,-0.014398,0.156316
MF_EQUITY_003,2023-02-24,63.5119,-0.009296,0.157851
MF_EQUITY_003,2023-02-27,64.5464,0.016289,0.166448
MF_EQUITY_003,2023-02-28,63.2208,-0.020537,0.173532
MF_EQUITY_003,2023-03-01,63.8262,0.009576,0.172963
MF_EQUITY_003,2023-03-02,62.7759,-0.016456,0.173673
MF_EQUITY_003,2023-03-03,63.7464,0.01546,0.181047
MF_EQUITY_003,2023-03-06,62.1184,-0.025539,0.193728
MF_EQUITY_003,2023-03-07,60.8424,-0.020542,0.198671
MF_EQUITY_003,2023-03-08,60.475,-0.006039,0.198186
MF_EQUITY_003,2023-03-09,61.2105,0.012162,0.203091
MF_EQUITY_003,2023-03-10,61.2184,0.000129,0.202985
MF_EQUITY_003,2023-03-13,61.0023,-0.003529,0.202435
MF_EQUITY_003,2023-03-14,62.0182,0.016653,0.209323
MF_EQUITY_003,2023-03-15,63.6532,0.026363,0.224686
MF_EQUITY_003,2023-03-16,64.1985,0.008567,0.226431
MF_EQUITY_003,2023-03-17,63.7507,-0.006974,0.226026
MF_EQUITY_003,2023-03-20,63.4627,-0.004518,0.223902
MF_EQUITY_003,2023-03-21,62.5132,-0.014961,0.227439
MF_EQUITY_003,2023-03-22,62.6201,0.00171,0.227594
MF_EQUITY_003,2023-03-23,61.4269,-0.019055,0.230571
MF_EQUITY_003,2023-03-24,61.8644,0.007122,0.230622
MF_EQUITY_003,2023-03-27,63.3842,0.024567,0.242486
MF_EQUITY_003,2023-03-28,63.9617,0.009111,0.243907
MF_EQUITY_003,2023-03-29,63.6336,-0.00513,0.235905
MF_EQUITY_003,2023-03-30,64.0678,0.006823,0.23514
MF_EQUITY_003,2023-03-31,65.3457,0.019946,0.241884
MF_EQUITY_003,2023-04-03,66.6099,0.019346,0.245994
MF_EQUITY_003,2023-04-04,65.8409,-0.011545,0.24125
MF_EQUITY_003,2023-04-05,66.277,0.006624,0.234002
MF_EQUITY_003,2023-04-06,66.1844,-0.001397,0.229692
MF_EQUITY_003,2023-04-07,66.8581,0.010179,0.228919
MF_EQUITY_003,2023-04-10,67.1993,0.005103,0.225035
MF_EQUITY_003,2023-04-11,65.322,-0.027937,0.232223
MF_EQUITY_003,2023-04-12,65.0818,-0.003676,0.23124
MF_EQUITY_003,2023-04-13,65.2694,0.002883,0.225455
MF_EQUITY_003,2023-04-14,64.1786,-0.016712,0.227291
MF_EQUITY_003,2023-04-17,64.6582,0.007472,0.214422
MF_EQUITY_003,2023-04-18,63.508,-0.017788,0.212107
MF_EQUITY_003,2023-04-19,62.9313,-0.009081,0.213228
MF_EQUITY_003,2023-04-20,63.9757,0.016596,0.215545
MF_EQUITY_003,2023-04-21,63.3292,-0.010105,0.218162
MF_EQUITY_003,2023-04-24,63.797,0.007388,0.21839
MF_EQUITY_003,2023-04-25,62.4865,-0.020543,0.222656
MF_EQUITY_003,2023-04-26,64.0784,0.025476,0.221769
MF_EQUITY_003,2023-04-27,63.8762,-0.003155,0.220578
MF_EQUITY_003,2023-04-28,63.9812,0.001644,0.219648
MF_EQUITY_003,2023-05-01,64.1507,0.002648,0.219289
MF_EQUITY_003,2023-05-02,64.6505,0.007791,0.21527
MF_EQUITY_003,2023-05-03,63.5042,-0.01773,0.222142
MF_EQUITY_003,2023-05-04,63.5319,0.000436,0.214226
MF_EQUITY_003,2023-05-05,63.0614,-0.007405,0.21488
MF_EQUITY_003,2023-05-08,61.8144,-0.019775,0.210519
MF_EQUITY_003,2023-05-09,62.5775,0.012345,0.212039
MF_EQUITY_003,2023-05-10,62.3443,-0.003726,0.211819
MF_EQUITY_003,2023-05-11,62.557,0.00341,0.21101
MF_EQUITY_003,2023-05-12,62.7232,0.002658,0.202064
MF_EQUITY_003,2023-05-15,62.5026,-0.003518,0.192413
MF_EQUITY_003,2023-05-16,64.0152,0.0242,0.204587
MF_EQUITY_003,2023-05-17,64.0109,-6.7e-05,0.203376
MF_EQUITY_003,2023-05-18,62.8461,-0.018195,0.209344
MF_EQUITY_003,2023-05-19,62.5756,-0.004305,0.206427
MF_EQUITY_003,2023-05-22,62.9822,0.006497,0.20689
MF_EQUITY_003,2023-05-23,63.4162,0.006891,0.193233
MF_EQUITY_003,2023-05-24,62.6201,-0.012553,0.196028
MF_EQUITY_003,2023-05-25,63.3499,0.011654,0.199242
MF_EQUITY_003,2023-05-26,62.0414,-0.020654,0.202262
MF_EQUITY_003,2023-05-29,62.9242,0.01423,0.205656
MF_EQUITY_003,2023-05-30,61.9595,-0.015332,0.204012
MF_EQUITY_003,2023-05-31,61.8222,-0.002215,0.202539
MF_EQUITY_003,2023-06-01,62.6429,0.013275,0.200317
MF_EQUITY_003,2023-06-02,62.7641,0.001935,0.198396
MF_EQUITY_003,2023-06-05,63.4106,0.0103,0.199543
MF_EQUITY_003,2023-06-06,63.9131,0.007924,0.191111
MF_EQUITY_003,2023-06-07,64.9316,0.015935,0.182209
MF_EQUITY_003,2023-06-08,65.7917,0.013247,0.185518
MF_EQUITY_003,2023-06-09,65.4663,-0.004945,0.186316
MF_EQUITY_003,2023-06-12,65.9963,0.008095,0.187443
MF_EQUITY_003,2023-06-13,64.8204,-0.017819,0.193978
MF_EQUITY_003,2023-06-14,64.8077,-0.000195,0.186436
MF_EQUITY_003,2023-06-15,65.4767,0.010322,0.188485
MF_EQUITY_003,2023-06-16,65.6146,0.002106,0.186775
MF_EQUITY_003,2023-06-19,65.999,0.00586,0.175998
MF_EQUITY_003,2023-06-20,65.8631,-0.002059,0.173752
MF_EQUITY_003,2023-06-21,66.7884,0.014049,0.176486
MF_EQUITY_003,2023-06-22,66.7574,-0.000465,0.176643
MF_EQUITY_003,2023-06-23,66.4179,-0.005085,0.1779
MF_EQUITY_003,2023-06-26,67.1577,0.011138,0.179038
MF_EQUITY_003,2023-06-27,66.0588,-0.016362,0.174783
MF_EQUITY_003,2023-06-28,66.489,0.006512,0.175438
MF_EQUITY_003,2023-06-29,65.6905,-0.01201,0.170298
MF_EQUITY_003,2023-06-30,66.7307,0.015835,0.174256
MF_EQUITY_003,2023-07-03,66.5551,-0.002632,0.174311
MF_EQUITY_003,2023-07-04,66.6962,0.00212,0.173671
MF_EQUITY_003,2023-07-05,67.0597,0.005451,0.168559
MF_EQUITY_003,2023-07-06,65.5404,-0.022656,0.180961
MF_EQUITY_003,2023-07-07,65.0615,-0.007307,0.170806
MF_EQUITY_003,2023-07-10,65.9088,0.013023,0.170067
MF_EQUITY_003,2023-07-11,66.628,0.010913,0.164271
MF_EQUITY_003,2023-07-12,66.8876,0.003896,0.163708
MF_EQUITY_003,2023-07-13,65.8379,-0.015694,0.168866
MF_EQUITY_003,2023-07-14,66.3334,0.007526,0.169704
MF_EQUITY_003,2023-07-17,66.9345,0.009061,0.169209
MF_EQUITY_003,2023-07-18,67.0057,0.001064,0.168238
MF_EQUITY_003,2023-07-19,68.0227,0.015178,0.167692
MF_EQUITY_003,2023-07-20,67.4989,-0.007701,0.166037
MF_EQUITY_003,2023-07-21,67.1196,-0.005618,0.166255
MF_EQUITY_003,2023-07-24,65.152,-0.029315,0.186303
MF_EQUITY_003,2023-07-25,65.9037,0.011538,0.181774
MF_EQUITY_003,2023-07-26,66.1849,0.004266,0.18206
MF_EQUITY_003,2023-07-27,64.8822,-0.019682,0.189009
MF_EQUITY_003,2023-07-28,63.5455,-0.020603,0.197819
MF_EQUITY_003,2023-07-31,62.9118,-0.009972,0.198375
MF_EQUITY_003,2023-08-01,63.5424,0.010024,0.201161
MF_EQUITY_003,2023-08-02,63.3452,-0.003104,0.196
MF_EQUITY_003,2023-08-03,62.7651,-0.009157,0.197144
MF_EQUITY_003,2023-08-04,62.0387,-0.011573,0.198922
MF_EQUITY_003,2023-08-07,61.2873,-0.012111,0.196782
MF_EQUITY_003,2023-08-08,59.8959,-0.022704,0.201338
MF_EQUITY_003,2023-08-09,59.058,-0.013989,0.201529
MF_EQUITY_003,2023-08-10,58.3288,-0.012347,0.20165
MF_EQUITY_003,2023-08-11,58.8358,0.008691,0.196581
MF_EQUITY_003,2023-08-14,58.7482,-0.001489,0.196684
MF_EQUITY_003,2023-08-15,58.1955,-0.009407,0.196365
MF_EQUITY_003,2023-08-16,59.8376,0.028217,0.216412
MF_EQUITY_003,2023-08-17,59.3908,-0.007467,0.20921
MF_EQUITY_003,2023-08-18,60.2523,0.014505,0.214956
MF_EQUITY_003,2023-08-21,61.4545,0.019953,0.220171
MF_EQUITY_003,2023-08-22,60.3275,-0.01834,0.22131
MF_EQUITY_003,2023-08-23,60.4112,0.001388,0.220729
MF_EQUITY_003,2023-08-24,60.0662,-0.00571,0.217732
MF_EQUITY_003,2023-08-25,59.6646,-0.006687,0.215669
MF_EQUITY_003,2023-08-28,60.092,0.007165,0.214783
MF_EQUITY_003,2023-08-29,59.6729,-0.006974,0.214562
MF_EQUITY_003,2023-08-30,59.3476,-0.005452,0.206928
MF_EQUITY_003,2023-08-31,59.2576,-0.001517,0.206861
MF_EQUITY_003,2023-09-01,59.0217,-0.003981,0.206822
MF_EQUITY_003,2023-09-04,58.22,-0.013583,0.1949
MF_EQUITY_003,2023-09-05,58.8051,0.010051,0.193937
MF_EQUITY_003,2023-09-06,59.5745,0.013082,0.198716
MF_EQUITY_003,2023-09-07,59.8499,0.004623,0.193864
MF_EQUITY_003,2023-09-08,59.6094,-0.004019,0.186304
MF_EQUITY_003,2023-09-11,59.1347,-0.007963,0.185653
MF_EQUITY_003,2023-09-12,58.665,-0.007943,0.182826
MF_EQUITY_003,2023-09-13,60.3539,0.028789,0.204175
MF_EQUITY_003,2023-09-14,61.0633,0.011754,0.206372
MF_EQUITY_003,2023-09-15,60.4782,-0.009581,0.20555
MF_EQUITY_003,2023-09-18,60.628,0.002476,0.202886
MF_EQUITY_003,2023-09-19,60.3945,-0.00385,0.191837
MF_EQUITY_003,2023-09-20,60.8478,0.007506,0.187956
MF_EQUITY_003,2023-09-21,61.2751,0.007022,0.184295
MF_EQUITY_003,2023-09-22,62.1025,0.013503,0.186395
MF_EQUITY_003,2023-09-25,61.4997,-0.009707,0.189182
MF_EQUITY_003,2023-09-26,61.6078,0.001757,0.186285
MF_EQUITY_003,2023-09-27,60.3459,-0.020483,0.18002
MF_EQUITY_003,2023-09-28,59.4656,-0.014588,0.183848
MF_EQUITY_003,2023-09-29,60.1262,0.011109,0.181788
MF_EQUITY_003,2023-10-02,59.4703,-0.010908,0.17419
MF_EQUITY_003,2023-10-03,58.8999,-0.009591,0.168386
MF_EQUITY_003,2023-10-04,58.9235,0.000401,0.168301
MF_EQUITY_003,2023-10-05,59.4442,0.008837,0.16987
MF_EQUITY_003,2023-10-06,58.7172,-0.01223,0.172424
MF_EQUITY_003,2023-10-09,56.294,-0.04127,0.207373
MF_EQUITY_003,2023-10-10,55.7343,-0.009943,0.208157
MF_EQUITY_003,2023-10-11,56.5685,0.014968,0.213716
MF_EQUITY_003,2023-10-12,56.8297,0.004618,0.214452
MF_EQUITY_003,2023-10-13,57.7609,0.016386,0.220288
MF_EQUITY_003,2023-10-16,57.0053,-0.013082,0.220037
MF_EQUITY_003,2023-10-17,55.9124,-0.019173,0.224
MF_EQUITY_003,2023-10-18,56.2507,0.006051,0.220905
MF_EQUITY_003,2023-10-19,56.4408,0.00338,0.22062
MF_EQUITY_003,2023-10-20,56.676,0.004167,0.221198
MF_EQUITY_003,2023-10-23,57.3389,0.011696,0.223599
MF_EQUITY_003,2023-10-24,57.6577,0.00556,0.223344
MF_EQUITY_003,2023-10-25,57.9672,0.005367,0.20634
MF_EQUITY_003,2023-10-26,58.4935,0.00908,0.205015
MF_EQUITY_003,2023-10-27,58.8754,0.006529,0.204712
MF_EQUITY_003,2023-10-30,59.5106,0.010789,0.207275
MF_EQUITY_003,2023-10-31,60.2606,0.012602,0.21045
MF_EQUITY_003,2023-11-01,61.3983,0.01888,0.216465
MF_EQUITY_003,2023-11-02,60.9507,-0.00729,0.216629
MF_EQUITY_003,2023-11-03,61.3327,0.006267,0.21368
MF_EQUITY_003,2023-11-06,61.0908,-0.003944,0.212129
MF_EQUITY_003,2023-11-07,60.5103,-0.009503,0.21376
MF_EQUITY_003,2023-11-08,60.0398,-0.007774,0.206492
MF_EQUITY_003,2023-11-09,60.4265,0.006439,0.202617
MF_EQUITY_003,2023-11-10,60.76,0.005519,0.20074
MF_EQUITY_003,2023-11-13,61.0823,0.005305,0.198269
MF_EQUITY_003,2023-11-14,60.9474,-0.002209,0.195994
MF_EQUITY_003,2023-11-15,60.9804,0.000541,0.195989
MF_EQUITY_003,2023-11-16,61.6092,0.010313,0.196534
MF_EQUITY_003,2023-11-17,60.5389,-0.017373,0.200135
MF_EQUITY_003,2023-11-20,60.5871,0.000796,0.154742
MF_EQUITY_003,2023-11-21,60.6828,0.001579,0.150229
MF_EQUITY_003,2023-11-22,61.2617,0.00954,0.147229
MF_EQUITY_003,2023-11-23,60.2997,-0.015703,0.156424
MF_EQUITY_003,2023-11-24,61.4117,0.018442,0.158168
MF_EQUITY_003,2023-11-27,61.5999,0.003064,0.151488
MF_EQUITY_003,2023-11-28,61.8277,0.003699,0.136659
MF_EQUITY_003,2023-11-29,61.5608,-0.004317,0.138202
MF_EQUITY_003,2023-11-30,61.9891,0.006956,0.138665
MF_EQUITY_003,2023-12-01,62.0557,0.001075,0.13876
MF_EQUITY_003,2023-12-04,62.987,0.015008,0.140867
MF_EQUITY_003,2023-12-05,61.929,-0.016798,0.152038
MF_EQUITY_003,2023-12-06,62.0904,0.002607,0.151785
MF_EQUITY_003,2023-12-07,62.4258,0.005402,0.150736
MF_EQUITY_003,2023-12-08,62.3174,-0.001736,0.150583
MF_EQUITY_003,2023-12-11,62.046,-0.004356,0.149241
MF_EQUITY_003,2023-12-12,61.8068,-0.003855,0.146129
MF_EQUITY_003,2023-12-13,61.9672,0.002596,0.135973
MF_EQUITY_003,2023-12-14,60.6523,-0.02122,0.148211
MF_EQUITY_003,2023-12-15,61.385,0.01208,0.151313
MF_EQUITY_003,2023-12-18,61.062,-0.005262,0.151665
MF_EQUITY_003,2023-12-19,61.1862,0.002034,0.149028
MF_EQUITY_003,2023-12-20,61.4863,0.004905,0.147498
MF_EQUITY_003,2023-12-21,61.1291,-0.00581,0.147726
MF_EQUITY_003,2023-12-22,61.0635,-0.001072,0.146986
MF_EQUITY_003,2023-12-25,59.6027,-0.023923,0.161838
MF_EQUITY_003,2023-12-26,60.1562,0.009285,0.164356
MF_EQUITY_003,2023-12-27,60.9659,0.013461,0.169183
MF_EQUITY_003,2023-12-28,59.752,-0.019912,0.175796
MF_EQUITY_003,2023-12-29,59.4904,-0.004378,0.169162
MF_EQUITY_003,2024-01-01,58.6421,-0.014258,0.173705
MF_EQUITY_003,2024-01-02,58.5464,-0.001633,0.173535
MF_EQUITY_003,2024-01-03,59.0313,0.008284,0.172901
MF_EQUITY_003,2024-01-04,59.7602,0.012348,0.171532
MF_EQUITY_003,2024-01-05,60.5946,0.013962,0.167741
MF_EQUITY_003,2024-01-08,61.5779,0.016227,0.174307
MF_EQUITY_003,2024-01-09,61.4443,-0.002169,0.174068
MF_EQUITY_003,2024-01-10,60.6293,-0.013264,0.177821
MF_EQUITY_003,2024-01-11,60.5763,-0.000875,0.176431
MF_EQUITY_003,2024-01-12,61.0669,0.008099,0.178213
MF_EQUITY_003,2024-01-15,60.1981,-0.014227,0.176276
MF_EQUITY_003,2024-01-16,61.4275,0.020422,0.181055
MF_EQUITY_003,2024-01-17,62.12,0.011275,0.183946
MF_EQUITY_003,2024-01-18,61.9971,-0.001979,0.183334
MF_EQUITY_003,2024-01-19,61.4992,-0.00803,0.184705
MF_EQUITY_003,2024-01-22,61.0362,-0.007529,0.185526
MF_EQUITY_003,2024-01-23,61.121,0.00139,0.18532
MF_EQUITY_003,2024-01-24,60.9834,-0.002253,0.185193
MF_EQUITY_003,2024-01-25,61.7094,0.011906,0.17767
MF_EQUITY_003,2024-01-26,61.4863,-0.003616,0.174684
MF_EQUITY_003,2024-01-29,61.89,0.006566,0.174885
MF_EQUITY_003,2024-01-30,61.8995,0.000153,0.174827
MF_EQUITY_003,2024-01-31,62.1307,0.003736,0.174601
MF_EQUITY_003,2024-02-01,61.9903,-0.002261,0.173804
MF_EQUITY_003,2024-02-02,62.5477,0.008993,0.175441
MF_EQUITY_003,2024-02-05,63.1213,0.00917,0.160391
MF_EQUITY_003,2024-02-06,63.5013,0.006019,0.159371
MF_EQUITY_003,2024-02-07,63.996,0.00779,0.156606
MF_EQUITY_003,2024-02-08,63.3027,-0.010832,0.147692
MF_EQUITY_003,2024-02-09,63.5799,0.004379,0.146599
MF_EQUITY_003,2024-02-12,64.5648,0.01549,0.142777
MF_EQUITY_003,2024-02-13,64.9778,0.006397,0.142286
MF_EQUITY_003,2024-02-14,64.2066,-0.011869,0.148283
MF_EQUITY_003,2024-02-15,64.2004,-9.7e-05,0.145719
MF_EQUITY_003,2024-02-16,64.5214,0.005,0.14182
MF_EQUITY_003,2024-02-19,63.9672,-0.008589,0.138592
MF_EQUITY_003,2024-02-20,62.9566,-0.015799,0.14694
MF_EQUITY_003,2024-02-21,62.7492,-0.003293,0.141352
MF_EQUITY_003,2024-02-22,62.2228,-0.00839,0.143958
MF_EQUITY_003,2024-02-23,62.2432,0.000329,0.14235
MF_EQUITY_003,2024-02-26,61.0857,-0.018597,0.146818
MF_EQUITY_003,2024-02-27,61.5302,0.007276,0.135876
MF_EQUITY_003,2024-02-28,61.0924,-0.007115,0.13315
MF_EQUITY_003,2024-02-29,61.8529,0.012449,0.138246
MF_EQUITY_003,2024-03-01,61.6783,-0.002823,0.136443
MF_EQUITY_003,2024-03-04,61.6904,0.000195,0.134497
MF_EQUITY_003,2024-03-05,61.5931,-0.001576,0.13458
MF_EQUITY_003,2024-03-06,61.1153,-0.007758,0.136418
MF_EQUITY_003,2024-03-07,62.959,0.030167,0.158604
MF_EQUITY_003,2024-03-08,62.6158,-0.00545,0.159128
MF_EQUITY_003,2024-03-11,63.4162,0.012782,0.162125
MF_EQUITY_003,2024-03-12,62.6156,-0.012624,0.166774
MF_EQUITY_003,2024-03-13,62.9266,0.004966,0.167023
MF_EQUITY_003,2024-03-14,63.3196,0.006246,0.16763
MF_EQUITY_003,2024-03-15,63.3329,0.00021,0.165805
MF_EQUITY_003,2024-03-18,62.9306,-0.006352,0.164826
MF_EQUITY_003,2024-03-19,62.7632,-0.00266,0.163967
MF_EQUITY_003,2024-03-20,62.4909,-0.004339,0.162504
MF_EQUITY_003,2024-03-21,64.3234,0.029324,0.181415
MF_EQUITY_003,2024-03-22,64.3381,0.000229,0.181061
MF_EQUITY_003,2024-03-25,64.7755,0.006799,0.176485
MF_EQUITY_003,2024-03-26,66.1928,0.02188,0.186646
MF_EQUITY_003,2024-03-27,65.5298,-0.010016,0.185638
MF_EQUITY_003,2024-03-28,65.5922,0.000952,0.185622
MF_EQUITY_003,2024-03-29,65.4131,-0.00273,0.185447
MF_EQUITY_004,2023-01-02,57.827,-0.000534,
MF_EQUITY_004,2023-01-03,57.1608,-0.011519,
MF_EQUITY_004,2023-01-04,56.9966,-0.002873,
MF_EQUITY_004,2023-01-05,58.2546,0.022072,
MF_EQUITY_004,2023-01-06,58.7318,0.00819,0.202118
MF_EQUITY_004,2023-01-09,58.3586,-0.006354,0.190812
MF_EQUITY_004,2023-01-10,58.7887,0.007371,0.177716
MF_EQUITY_004,2023-01-11,59.8053,0.017292,0.184708
MF_EQUITY_004,2023-01-12,60.4988,0.011596,0.177149
MF_EQUITY_004,2023-01-13,60.5723,0.001216,0.16811
MF_EQUITY_004,2023-01-16,60.1324,-0.007263,0.169362
MF_EQUITY_004,2023-01-17,60.6663,0.008879,0.163308
MF_EQUITY_004,2023-01-18,60.9831,0.005222,0.156447
MF_EQUITY_004,2023-01-19,61.6687,0.011242,0.153334
MF_EQUITY_004,2023-01-20,62.1695,0.008122,0.148456
MF_EQUITY_004,2023-01-23,62.9836,0.013095,0.147112
MF_EQUITY_004,2023-01-24,62.6106,-0.005923,0.148917
MF_EQUITY_004,2023-01-25,63.6317,0.016309,0.150864
MF_EQUITY_004,2023-01-26,63.8144,0.002871,0.146889
MF_EQUITY_004,2023-01-27,65.4355,0.025403,0.159931
MF_EQUITY_004,2023-01-30,64.927,-0.00777,0.163242
MF_EQUITY_004,2023-01-31,66.312,0.021332,0.168019
MF_EQUITY_004,2023-02-01,66.5027,0.002875,0.164541
MF_EQUITY_004,2023-02-02,66.0161,-0.007317,0.166714
MF_EQUITY_004,2023-02-03,65.6657,-0.005307,0.166813
MF_EQUITY_004,2023-02-06,65.4461,-0.003344,0.165558
MF_EQUITY_004,2023-02-07,65.812,0.00559,0.162361
MF_EQUITY_004,2023-02-08,66.2578,0.006774,0.159432
MF_EQUITY_004,2023-02-09,65.8348,-0.006384,0.160055
MF_EQUITY_004,2023-02-10,65.8485,0.000208,0.157765
MF_EQUITY_004,2023-02-13,67.5742,0.026207,0.169168
MF_EQUITY_004,2023-02-14,69.0088,0.021231,0.167562
MF_EQUITY_004,2023-02-15,69.4046,0.005736,0.165286
MF_EQUITY_004,2023-02-16,69.471,0.000956,0.159377
MF_EQUITY_004,2023-02-17,69.6058,0.00194,0.159638
MF_EQUITY_004,2023-02-20,70.153,0.007862,0.155555
MF_EQUITY_004,2023-02-21,69.3271,-0.011774,0.163972
MF_EQUITY_004,2023-02-22,69.1476,-0.002589,0.161722
MF_EQUITY_004,2023-02-23,67.7977,-0.019523,0.17512
MF_EQUITY_004,2023-02-24,68.1564,0.005291,0.174983
MF_EQUITY_004,2023-02-27,68.7198,0.008266,0.172063
MF_EQUITY_004,2023-02-28,68.3557,-0.005298,0.173836
MF_EQUITY_004,2023-03-01,69.6809,0.019388,0.179429
MF_EQUITY_004,2023-03-02,68.6908,-0.014209,0.186174
MF_EQUITY_004,2023-03-03,67.5181,-0.017072,0.195043
MF_EQUITY_004,2023-03-06,67.7337,0.003193,0.19261
MF_EQUITY_004,2023-03-07,68.6187,0.013065,0.193257
MF_EQUITY_004,2023-03-08,70.0396,0.020707,0.196261
MF_EQUITY_004,2023-03-09,69.6889,-0.005007,0.197725
MF_EQUITY_004,2023-03-10,70.6258,0.013444,0.188794
MF_EQUITY_004,2023-03-13,70.6285,3.8e-05,0.186403
MF_EQUITY_004,2023-03-14,70.5175,-0.001572,0.178343
MF_EQUITY_004,2023-03-15,71.3005,0.011104,0.180233
MF_EQUITY_004,2023-03-16,71.8943,0.008328,0.17861
MF_EQUITY_004,2023-03-17,70.5702,-0.018417,0.187662
MF_EQUITY_004,2023-03-20,71.8559,0.018218,0.192206
MF_EQUITY_004,2023-03-21,73.0819,0.017061,0.196283
MF_EQUITY_004,2023-03-22,72.5698,-0.007007,0.198382
MF_EQUITY_004,2023-03-23,72.9508,0.00525,0.196398
MF_EQUITY_004,2023-03-24,73.4197,0.006428,0.196319
MF_EQUITY_004,2023-03-27,73.6861,0.003628,0.184377
MF_EQUITY_004,2023-03-28,73.2363,-0.006104,0.177734
MF_EQUITY_004,2023-03-29,72.6827,-0.007559,0.179503
MF_EQUITY_004,2023-03-30,72.6968,0.000193,0.17954
MF_EQUITY_004,2023-03-31,73.7561,0.014573,0.183453
MF_EQUITY_004,2023-04-03,74.2742,0.007023,0.183236
MF_EQUITY_004,2023-04-04,73.981,-0.003947,0.179501
MF_EQUITY_004,2023-04-05,74.703,0.00976,0.180187
MF_EQUITY_004,2023-04-06,72.1869,-0.033683,0.199013
MF_EQUITY_004,2023-04-07,73.2181,0.014285,0.201925
MF_EQUITY_004,2023-04-10,71.7261,-0.020377,0.211612
MF_EQUITY_004,2023-04-11,71.45,-0.003849,0.211248
MF_EQUITY_004,2023-04-12,70.5258,-0.012936,0.208299
MF_EQUITY_004,2023-04-13,69.4653,-0.015036,0.20882
MF_EQUITY_004,2023-04-14,70.4677,0.01443,0.205777
MF_EQUITY_004,2023-04-17,70.1074,-0.005112,0.206593
MF_EQUITY_004,2023-04-18,70.434,0.004658,0.203826
MF_EQUITY_004,2023-04-19,70.4296,-6.3e-05,0.195032
MF_EQUITY_004,2023-04-20,70.8679,0.006224,0.195113
MF_EQUITY_004,2023-04-21,70.9687,0.001422,0.191328
MF_EQUITY_004,2023-04-24,69.9116,-0.014896,0.196291
MF_EQUITY_004,2023-04-25,70.7823,0.012455,0.199661
MF_EQUITY_004,2023-04-26,70.3983,-0.005425,0.197555
MF_EQUITY_004,2023-04-27,69.1186,-0.018179,0.202318
MF_EQUITY_004,2023-04-28,68.798,-0.004637,0.19599
MF_EQUITY_004,2023-05-01,70.0714,0.018509,0.196237
MF_EQUITY_004,2023-05-02,70.8214,0.010703,0.192039
MF_EQUITY_004,2023-05-03,70.5605,-0.003684,0.191372
MF_EQUITY_004,2023-05-04,70.3,-0.003691,0.190643
MF_EQUITY_004,2023-05-05,70.0639,-0.00336,0.189362
MF_EQUITY_004,2023-05-08,71.8449,0.025421,0.204415
MF_EQUITY_004,2023-05-09,72.2102,0.005083,0.204447
MF_EQUITY_004,2023-05-10,72.6189,0.00566,0.204008
MF_EQUITY_004,2023-05-11,73.553,0.012863,0.207362
MF_EQUITY_004,2023-05-12,73.8006,0.003365,0.203243
MF_EQUITY_004,2023-05-15,73.6081,-0.002609,0.202307
MF_EQUITY_004,2023-05-16,73.4714,-0.001856,0.202063
MF_EQUITY_004,2023-05-17,73.445,-0.000359,0.199866
MF_EQUITY_004,2023-05-18,73.4489,5.3e-05,0.173334
MF_EQUITY_004,2023-05-19,74.127,0.009232,0.170472
MF_EQUITY_004,2023-05-22,74.2103,0.001123,0.158603
MF_EQUITY_004,2023-05-23,74.8998,0.009292,0.15955
MF_EQUITY_004,2023-05-24,74.8647,-0.000469,0.153648
MF_EQUITY_004,2023-05-25,74.9728,0.001444,0.14491
MF_EQUITY_004,2023-05-26,73.2125,-0.023478,0.158957
MF_EQUITY_004,2023-05-29,74.0542,0.011496,0.160396
MF_EQUITY_004,2023-05-30,74.3991,0.004658,0.160396
MF_EQUITY_004,2023-05-31,75.3273,0.012476,0.163172
MF_EQUITY_004,2023-06-01,72.747,-0.034255,0.19397
MF_EQUITY_004,2023-06-02,74.6064,0.02556,0.206685
MF_EQUITY_004,2023-06-05,74.5188,-0.001175,0.200825
MF_EQUITY_004,2023-06-06,75.547,0.013798,0.201457
MF_EQUITY_004,2023-06-07,74.642,-0.011979,0.2045
MF_EQUITY_004,2023-06-08,75.2282,0.007853,0.195878
MF_EQUITY_004,2023-06-09,74.3149,-0.012141,0.19956
MF_EQUITY_004,2023-06-12,73.7958,-0.006985,0.195596
MF_EQUITY_004,2023-06-13,75.5276,0.023468,0.203964
MF_EQUITY_004,2023-06-14,75.3926,-0.001788,0.20356
MF_EQUITY_004,2023-06-15,75.627,0.003109,0.202776
MF_EQUITY_004,2023-06-16,76.4544,0.010941,0.20341
MF_EQUITY_004,2023-06-19,76.9474,0.006448,0.192365
MF_EQUITY_004,2023-06-20,77.1248,0.002305,0.192191
MF_EQUITY_004,2023-06-21,77.5011,0.00488,0.192085
MF_EQUITY_004,2023-06-22,79.7751,0.029341,0.205473
MF_EQUITY_004,2023-06-23,79.7598,-0.000191,0.205645
MF_EQUITY_004,2023-06-26,79.9921,0.002913,0.205034
MF_EQUITY_004,2023-06-27,81.0407,0.013108,0.206626
MF_EQUITY_004,2023-06-28,82.1563,0.013766,0.208466
MF_EQUITY_004,2023-06-29,83.3676,0.014744,0.210494
MF_EQUITY_004,2023-06-30,84.0483,0.008165,0.2103
MF_EQUITY_004,2023-07-03,82.9375,-0.013216,0.216195
MF_EQUITY_004,2023-07-04,84.6047,0.020101,0.2208
MF_EQUITY_004,2023-07-05,83.4831,-0.013256,0.226176
MF_EQUITY_004,2023-07-06,83.8281,0.004132,0.226073
MF_EQUITY_004,2023-07-07,83.1112,-0.008551,0.214237
MF_EQUITY_004,2023-07-10,83.0888,-0.00027,0.213527
MF_EQUITY_004,2023-07-11,83.4581,0.004445,0.213521
MF_EQUITY_004,2023-07-12,83.8217,0.004356,0.211987
MF_EQUITY_004,2023-07-13,84.288,0.005563,0.17895
MF_EQUITY_004,2023-07-14,85.9624,0.019865,0.17395
MF_EQUITY_004,2023-07-17,86.4732,0.005942,0.173049
MF_EQUITY_004,2023-07-18,86.2631,-0.00243,0.172293
MF_EQUITY_004,2023-07-19,87.3042,0.012069,0.166315
MF_EQUITY_004,2023-07-20,88.594,0.014774,0.168438
MF_EQUITY_004,2023-07-21,87.3332,-0.014231,0.170439
MF_EQUITY_004,2023-07-24,88.0029,0.007669,0.166392
MF_EQUITY_004,2023-07-25,88.7874,0.008914,0.158215
MF_EQUITY_004,2023-07-26,88.5147,-0.003071,0.158768
MF_EQUITY_004,2023-07-27,90.0202,0.017008,0.162092
MF_EQUITY_004,2023-07-28,89.9031,-0.001301,0.162649
MF_EQUITY_004,2023-07-31,90.0836,0.002007,0.162925
MF_EQUITY_004,2023-08-01,89.9415,-0.001577,0.163934
MF_EQUITY_004,2023-08-02,90.0033,0.000687,0.164453
MF_EQUITY_004,2023-08-03,88.8643,-0.012655,0.155338
MF_EQUITY_004,2023-08-04,87.3731,-0.016781,0.165979
MF_EQUITY_004,2023-08-07,89.0886,0.019634,0.172755
MF_EQUITY_004,2023-08-08,88.2277,-0.009664,0.174524
MF_EQUITY_004,2023-08-09,87.2222,-0.011397,0.176133
MF_EQUITY_004,2023-08-10,85.0119,-0.025341,0.188894
MF_EQUITY_004,2023-08-11,84.4026,-0.007168,0.18887
MF_EQUITY_004,2023-08-14,83.1047,-0.015377,0.190303
MF_EQUITY_004,2023-08-15,84.7838,0.020204,0.190397
MF_EQUITY_004,2023-08-16,85.8536,0.012618,0.189343
MF_EQUITY_004,2023-08-17,85.1875,-0.007758,0.190766
MF_EQUITY_004,2023-08-18,87.5327,0.027529,0.203923
MF_EQUITY_004,2023-08-21,88.6077,0.012281,0.206044
MF_EQUITY_004,2023-08-22,88.3066,-0.003398,0.206564
MF_EQUITY_004,2023-08-23,85.7022,-0.029493,0.225581
MF_EQUITY_004,2023-08-24,88.1011,0.027991,0.238651
MF_EQUITY_004,2023-08-25,86.6761,-0.016175,0.237519
MF_EQUITY_004,2023-08-28,85.008,-0.019245,0.243538
MF_EQUITY_004,2023-08-29,86.0936,0.012771,0.246435
MF_EQUITY_004,2023-08-30,88.6572,0.029777,0.258965
MF_EQUITY_004,2023-08-31,90.1743,0.017111,0.260159
MF_EQUITY_004,2023-09-01,90.8296,0.007267,0.256865
MF_EQUITY_004,2023-09-04,91.5232,0.007637,0.256858
MF_EQUITY_004,2023-09-05,92.5063,0.010741,0.257374
MF_EQUITY_004,2023-09-06,93.395,0.009607,0.258042
MF_EQUITY_004,2023-09-07,93.7568,0.003874,0.254146
MF_EQUITY_004,2023-09-08,93.921,0.00175,0.254009
MF_EQUITY_004,2023-09-11,93.8974,-0.000251,0.254061
MF_EQUITY_004,2023-09-12,93.0948,-0.008548,0.255595
MF_EQUITY_004,2023-09-13,92.8278,-0.002868,0.255873
MF_EQUITY_004,2023-09-14,90.9883,-0.019815,0.260039
MF_EQUITY_004,2023-09-15,90.9265,-0.00068,0.254648
MF_EQUITY_004,2023-09-18,89.8933,-0.011363,0.251242
MF_EQUITY_004,2023-09-19,88.7477,-0.012743,0.252472
MF_EQUITY_004,2023-09-20,88.9837,0.002659,0.25008
MF_EQUITY_004,2023-09-21,90.5146,0.017204,0.241714
MF_EQUITY_004,2023-09-22,91.5573,0.01152,0.241486
MF_EQUITY_004,2023-09-25,89.8776,-0.018346,0.243575
MF_EQUITY_004,2023-09-26,88.8552,-0.011376,0.24107
MF_EQUITY_004,2023-09-27,89.9027,0.011789,0.240755
MF_EQUITY_004,2023-09-28,88.8877,-0.01129,0.242167
MF_EQUITY_004,2023-09-29,88.6926,-0.002196,0.229426
MF_EQUITY_004,2023-10-02,89.3223,0.007101,0.227606
MF_EQUITY_004,2023-10-03,88.3291,-0.01112,0.229806
MF_EQUITY_004,2023-10-04,88.4849,0.001765,0.211983
MF_EQUITY_004,2023-10-05,87.1127,-0.015508,0.201348
MF_EQUITY_004,2023-10-06,86.5276,-0.006716,0.196678
MF_EQUITY_004,2023-10-09,86.9029,0.004337,0.188307
MF_EQUITY_004,2023-10-10,85.2851,-0.018616,0.192889
MF_EQUITY_004,2023-10-11,85.7785,0.005786,0.171826
MF_EQUITY_004,2023-10-12,85.8012,0.000264,0.163074
MF_EQUITY_004,2023-10-13,86.413,0.00713,0.16301
MF_EQUITY_004,2023-10-16,86.6884,0.003187,0.161318
MF_EQUITY_004,2023-10-17,88.1508,0.01687,0.166344
MF_EQUITY_004,2023-10-18,88.3273,0.002003,0.163343
MF_EQUITY_004,2023-10-19,87.9163,-0.004653,0.162635
MF_EQUITY_004,2023-10-20,88.0893,0.001968,0.162681
MF_EQUITY_004,2023-10-23,88.7077,0.00702,0.164744
MF_EQUITY_004,2023-10-24,88.804,0.001086,0.163699
MF_EQUITY_004,2023-10-25,88.8917,0.000987,0.163804
MF_EQUITY_004,2023-10-26,88.1873,-0.007924,0.155603
MF_EQUITY_004,2023-10-27,87.5299,-0.007455,0.156718
MF_EQUITY_004,2023-10-30,86.1004,-0.016331,0.160136
MF_EQUITY_004,2023-10-31,87.9511,0.021495,0.169508
MF_EQUITY_004,2023-11-01,86.6823,-0.014426,0.174134
MF_EQUITY_004,2023-11-02,86.0049,-0.007815,0.166571
MF_EQUITY_004,2023-11-03,85.3065,-0.008121,0.162761
MF_EQUITY_004,2023-11-06,86.2652,0.011239,0.159984
MF_EQUITY_004,2023-11-07,86.0031,-0.003039,0.15723
MF_EQUITY_004,2023-11-08,87.3338,0.015473,0.160177
MF_EQUITY_004,2023-11-09,86.6716,-0.007582,0.158441
MF_EQUITY_004,2023-11-10,87.0051,0.003848,0.158944
MF_EQUITY_004,2023-11-13,86.1765,-0.009524,0.159255
MF_EQUITY_004,2023-11-14,88.4379,0.026242,0.174961
MF_EQUITY_004,2023-11-15,87.2218,-0.013751,0.179401
MF_EQUITY_004,2023-11-16,87.5897,0.004218,0.174011
MF_EQUITY_004,2023-11-17,88.2996,0.008105,0.174164
MF_EQUITY_004,2023-11-20,88.7822,0.005466,0.174398
MF_EQUITY_004,2023-11-21,88.6292,-0.001723,0.164681
MF_EQUITY_004,2023-11-22,88.5354,-0.001058,0.164267
MF_EQUITY_004,2023-11-23,88.6263,0.001026,0.164248
MF_EQUITY_004,2023-11-24,88.5142,-0.001264,0.163384
MF_EQUITY_004,2023-11-27,89.5823,0.012067,0.166484
MF_EQUITY_004,2023-11-28,92.0034,0.027026,0.177083
MF_EQUITY_004,2023-11-29,91.4339,-0.00619,0.178462
MF_EQUITY_004,2023-11-30,89.9766,-0.015938,0.184578
MF_EQUITY_004,2023-12-01,89.9263,-0.000559,0.184589
MF_EQUITY_004,2023-12-04,92.7551,0.031457,0.20433
MF_EQUITY_004,2023-12-05,91.9069,-0.009144,0.206677
MF_EQUITY_004,2023-12-06,93.7606,0.020169,0.213837
MF_EQUITY_004,2023-12-07,95.6951,0.020632,0.218443
MF_EQUITY_004,2023-12-08,95.1073,-0.006143,0.217939
MF_EQUITY_004,2023-12-11,95.8042,0.007328,0.210494
MF_EQUITY_004,2023-12-12,97.7242,0.020041,0.209463
MF_EQUITY_004,2023-12-13,97.3284,-0.00405,0.203784
MF_EQUITY_004,2023-12-14,97.1393,-0.001943,0.201537
MF_EQUITY_004,2023-12-15,96.5099,-0.00648,0.200724
MF_EQUITY_004,2023-12-18,95.3829,-0.011677,0.204688
MF_EQUITY_004,2023-12-19,94.6874,-0.007291,0.206222
MF_EQUITY_004,2023-12-20,93.3441,-0.014187,0.208898
MF_EQUITY_004,2023-12-21,93.4289,0.000909,0.206846
MF_EQUITY_004,2023-12-22,92.6124,-0.00874,0.209381
MF_EQUITY_004,2023-12-25,92.9185,0.003305,0.206437
MF_EQUITY_004,2023-12-26,91.2301,-0.018171,0.202319
MF_EQUITY_004,2023-12-27,91.638,0.004471,0.197521
MF_EQUITY_004,2023-12-28,92.6004,0.010502,0.199045
MF_EQUITY_004,2023-12-29,90.4312,-0.023425,0.211156
MF_EQUITY_004,2024-01-01,90.8824,0.004989,0.21107
MF_EQUITY_004,2024-01-02,92.2667,0.015232,0.214948
MF_EQUITY_004,2024-01-03,90.9735,-0.014016,0.219485
MF_EQUITY_004,2024-01-04,92.8449,0.020571,0.226698
MF_EQUITY_004,2024-01-05,93.3582,0.005528,0.226794
MF_EQUITY_004,2024-01-08,92.615,-0.00796,0.226401
MF_EQUITY_004,2024-01-09,92.5994,-0.000169,0.212762
MF_EQUITY_004,2024-01-10,93.2661,0.0072,0.212751
MF_EQUITY_004,2024-01-11,93.3978,0.001412,0.206786
MF_EQUITY_004,2024-01-12,94.0483,0.006965,0.207338
MF_EQUITY_004,2024-01-15,93.0563,-0.010548,0.18973
MF_EQUITY_004,2024-01-16,93.2919,0.002532,0.187753
MF_EQUITY_004,2024-01-17,91.7559,-0.016465,0.18451
MF_EQUITY_004,2024-01-18,91.6793,-0.000835,0.173128
MF_EQUITY_004,2024-01-19,90.7307,-0.010347,0.174557
MF_EQUITY_004,2024-01-22,89.9753,-0.008326,0.173563
MF_EQUITY_004,2024-01-23,91.3549,0.015333,0.168832
MF_EQUITY_004,2024-01-24,92.5969,0.013596,0.174783
MF_EQUITY_004,2024-01-25,93.32,0.00781,0.176891
MF_EQUITY_004,2024-01-26,92.1435,-0.012608,0.179332
MF_EQUITY_004,2024-01-29,91.8397,-0.003297,0.176819
MF_EQUITY_004,2024-01-30,93.2225,0.015057,0.18192
MF_EQUITY_004,2024-01-31,93.4277,0.002201,0.177313
MF_EQUITY_004,2024-02-01,96.0747,0.028332,0.195313
MF_EQUITY_004,2024-02-02,96.5762,0.00522,0.193443
MF_EQUITY_004,2024-02-05,96.847,0.002805,0.193407
MF_EQUITY_004,2024-02-06,96.5362,-0.003209,0.184889
MF_EQUITY_004,2024-02-07,96.7392,0.002102,0.184736
MF_EQUITY_004,2024-02-08,96.6105,-0.00133,0.183109
MF_EQUITY_004,2024-02-09,97.4798,0.008997,0.168304
MF_EQUITY_004,2024-02-12,98.6476,0.01198,0.170388
MF_EQUITY_004,2024-02-13,97.7665,-0.008932,0.169448
MF_EQUITY_004,2024-02-14,96.2536,-0.015475,0.170694
MF_EQUITY_004,2024-02-15,94.1808,-0.021534,0.174337
MF_EQUITY_004,2024-02-16,94.802,0.006596,0.17463
MF_EQUITY_004,2024-02-19,93.5942,-0.01274,0.17719
MF_EQUITY_004,2024-02-20,91.223,-0.025335,0.192275
MF_EQUITY_004,2024-02-21,91.694,0.005163,0.191662
MF_EQUITY_004,2024-02-22,94.483,0.030416,0.211572
MF_EQUITY_004,2024-02-23,94.5233,0.000427,0.210675
MF_EQUITY_004,2024-02-26,95.5217,0.010562,0.210153
MF_EQUITY_004,2024-02-27,95.6632,0.001482,0.210107
MF_EQUITY_004,2024-02-28,95.5976,-0.000687,0.203638
MF_EQUITY_004,2024-02-29,96.6997,0.011529,0.205578
MF_EQUITY_004,2024-03-01,96.4112,-0.002983,0.202868
MF_EQUITY_004,2024-03-04,96.7688,0.003709,0.200475
MF_EQUITY_004,2024-03-05,97.1907,0.00436,0.196865
MF_EQUITY_004,2024-03-06,96.4601,-0.007517,0.195695
MF_EQUITY_004,2024-03-07,97.6567,0.012405,0.197441
MF_EQUITY_004,2024-03-08,97.5005,-0.0016,0.193092
MF_EQUITY_004,2024-03-11,96.665,-0.008569,0.194935
MF_EQUITY_004,2024-03-12,97.3357,0.006938,0.19152
MF_EQUITY_004,2024-03-13,96.3349,-0.010282,0.194523
MF_EQUITY_004,2024-03-14,96.4156,0.000838,0.176561
MF_EQUITY_004,2024-03-15,96.4533,0.000391,0.175917
MF_EQUITY_004,2024-03-18,97.7584,0.013531,0.180091
MF_EQUITY_004,2024-03-19,98.3641,0.006196,0.180527
MF_EQUITY_004,2024-03-20,98.3838,0.0002,0.180482
MF_EQUITY_004,2024-03-21,99.3984,0.010313,0.182529
MF_EQUITY_004,2024-03-22,101.1063,0.017182,0.187124
MF_EQUITY_004,2024-03-25,101.8337,0.007194,0.185252
MF_EQUITY_004,2024-03-26,101.8972,0.000624,0.182798
MF_EQUITY_004,2024-03-27,100.3441,-0.015242,0.182611
MF_EQUITY_004,2024-03-28,99.1118,-0.012281,0.174269
MF_EQUITY_004,2024-03-29,98.7983,-0.003163,0.174211
MF_EQUITY_005,2023-01-02,87.3254,0.006593,
MF_EQUITY_005,2023-01-03,87.4257,0.001148,
MF_EQUITY_005,2023-01-04,85.5784,-0.021129,
MF_EQUITY_005,2023-01-05,84.9573,-0.007258,
MF_EQUITY_005,2023-01-06,82.0552,-0.034159,0.264445
MF_EQUITY_005,2023-01-09,82.385,0.004019,0.255675
MF_EQUITY_005,2023-01-10,82.7063,0.0039,0.244905
MF_EQUITY_005,2023-01-11,81.9603,-0.009019,0.227112
MF_EQUITY_005,2023-01-12,82.5325,0.006981,0.224936
MF_EQUITY_005,2023-01-13,81.3036,-0.01489,0.217317
MF_EQUITY_005,2023-01-16,80.4013,-0.011098,0.207397
MF_EQUITY_005,2023-01-17,80.844,0.005506,0.205642
MF_EQUITY_005,2023-01-18,80.2163,-0.007764,0.19708
MF_EQUITY_005,2023-01-19,80.1961,-0.000252,0.190878
MF_EQUITY_005,2023-01-20,79.6938,-0.006264,0.183959
MF_EQUITY_005,2023-01-23,79.3406,-0.004431,0.17778
MF_EQUITY_005,2023-01-24,79.0307,-0.003907,0.172245
MF_EQUITY_005,2023-01-25,78.3999,-0.007981,0.167378
MF_EQUITY_005,2023-01-26,78.7237,0.004129,0.166442
MF_EQUITY_005,2023-01-27,78.1698,-0.007035,0.162157
MF_EQUITY_005,2023-01-30,78.2236,0.000688,0.159338
MF_EQUITY_005,2023-01-31,77.5787,-0.008245,0.155917
MF_EQUITY_005,2023-02-01,76.1892,-0.017912,0.158196
MF_EQUITY_005,2023-02-02,77.0615,0.011449,0.164266
MF_EQUITY_005,2023-02-03,77.5619,0.006494,0.164806
MF_EQUITY_005,2023-02-06,79.7309,0.027964,0.190362
MF_EQUITY_005,2023-02-07,78.7719,-0.012028,0.188616
MF_EQUITY_005,2023-02-08,78.6138,-0.002008,0.185144
MF_EQUITY_005,2023-02-09,78.5318,-0.001042,0.181946
MF_EQUITY_005,2023-02-10,79.5035,0.012372,0.184507
MF_EQUITY_005,2023-02-13,79.0594,-0.005585,0.182462
MF_EQUITY_005,2023-02-14,77.988,-0.013553,0.184351
MF_EQUITY_005,2023-02-15,79.1573,0.014994,0.184463
MF_EQUITY_005,2023-02-16,78.8961,-0.0033,0.183937
MF_EQUITY_005,2023-02-17,79.7674,0.011044,0.161389
MF_EQUITY_005,2023-02-20,80.5369,0.009646,0.163685
MF_EQUITY_005,2023-02-21,80.5482,0.000141,0.163127
MF_EQUITY_005,2023-02-22,80.42,-0.001592,0.161297
MF_EQUITY_005,2023-02-23,80.0824,-0.004199,0.159991
MF_EQUITY_005,2023-02-24,80.1078,0.000318,0.154457
MF_EQUITY_005,2023-02-27,80.9776,0.010857,0.15441
MF_EQUITY_005,2023-02-28,80.2441,-0.009057,0.155891
MF_EQUITY_005,2023-03-01,80.3891,0.001806,0.154317
MF_EQUITY_005,2023-03-02,79.3501,-0.012924,0.158883
MF_EQUITY_005,2023-03-03,78.4432,-0.011429,0.161254
MF_EQUITY_005,2023-03-06,78.4533,0.000129,0.160823
MF_EQUITY_005,2023-03-07,76.6472,-0.023022,0.17356
MF_EQUITY_005,2023-03-08,78.5807,0.025227,0.187979
MF_EQUITY_005,2023-03-09,77.495,-0.013817,0.191829
MF_EQUITY_005,2023-03-10,77.4965,1.9e-05,0.190813
MF_EQUITY_005,2023-03-13,78.6216,0.014519,0.195536
MF_EQUITY_005,2023-03-14,77.8468,-0.009855,0.196198
MF_EQUITY_005,2023-03-15,75.7346,-0.027132,0.205203
MF_EQUITY_005,2023-03-16,75.3681,-0.004839,0.202638
MF_EQUITY_005,2023-03-17,74.6146,-0.009998,0.203214
MF_EQUITY_005,2023-03-20,72.6137,-0.026816,0.196791
MF_EQUITY_005,2023-03-21,72.8983,0.003919,0.195886
MF_EQUITY_005,2023-03-22,73.1159,0.002985,0.19653
MF_EQUITY_005,2023-03-23,74.1547,0.014208,0.20229
MF_EQUITY_005,2023-03-24,73.1944,-0.01295,0.200142
MF_EQUITY_005,2023-03-27,71.8264,-0.01869,0.205335
MF_EQUITY_005,2023-03-28,71.5118,-0.004381,0.202989
MF_EQUITY_005,2023-03-29,71.4717,-0.00056,0.196023
MF_EQUITY_005,2023-03-30,72.2977,0.011556,0.200712
MF_EQUITY_005,2023-03-31,73.5576,0.017427,0.205345
MF_EQUITY_005,2023-04-03,74.6664,0.015074,0.208736
MF_EQUITY_005,2023-04-04,74.9515,0.003819,0.209402
MF_EQUITY_005,2023-04-05,75.708,0.010094,0.212468
MF_EQUITY_005,2023-04-06,75.164,-0.007186,0.212922
MF_EQUITY_005,2023-04-07,75.3535,0.002521,0.213228
MF_EQUITY_005,2023-04-10,74.3139,-0.013795,0.212331
MF_EQUITY_005,2023-04-11,74.407,0.001252,0.21178
MF_EQUITY_005,2023-04-12,74.5234,0.001564,0.211739
MF_EQUITY_005,2023-04-13,76.1007,0.021166,0.219958
MF_EQUITY_005,2023-04-14,75.9296,-0.002248,0.217884
MF_EQUITY_005,2023-04-17,76.0496,0.001581,0.21799
MF_EQUITY_005,2023-04-18,76.3039,0.003344,0.207949
MF_EQUITY_005,2023-04-19,75.9256,-0.004958,0.193979
MF_EQUITY_005,2023-04-20,75.2324,-0.00913,0.191766
MF_EQUITY_005,2023-04-21,76.4426,0.016086,0.197999
MF_EQUITY_005,2023-04-24,75.581,-0.011271,0.195224
MF_EQUITY_005,2023-04-25,74.4144,-0.015435,0.198014
MF_EQUITY_005,2023-04-26,75.0591,0.008663,0.184339
MF_EQUITY_005,2023-04-27,76.1395,0.014394,0.188544
MF_EQUITY_005,2023-04-28,75.7651,-0.004917,0.186673
MF_EQUITY_005,2023-05-01,75.4065,-0.004733,0.168612
MF_EQUITY_005,2023-05-02,75.6999,0.003891,0.168608
MF_EQUITY_005,2023-05-03,75.0947,-0.007994,0.170652
MF_EQUITY_005,2023-05-04,74.4278,-0.008881,0.168162
MF_EQUITY_005,2023-05-05,75.2506,0.011055,0.166261
MF_EQUITY_005,2023-05-08,75.8365,0.007786,0.156465
MF_EQUITY_005,2023-05-09,77.0676,0.016234,0.160672
MF_EQUITY_005,2023-05-10,75.9478,-0.014531,0.167956
MF_EQUITY_005,2023-05-11,75.5278,-0.00553,0.166877
MF_EQUITY_005,2023-05-12,75.8204,0.003874,0.160132
MF_EQUITY_005,2023-05-15,75.0162,-0.010607,0.157883
MF_EQUITY_005,2023-05-16,75.6313,0.0082,0.15926
MF_EQUITY_005,2023-05-17,76.7806,0.015196,0.162623
MF_EQUITY_005,2023-05-18,76.2815,-0.0065,0.162353
MF_EQUITY_005,2023-05-19,76.3549,0.000963,0.162251
MF_EQUITY_005,2023-05-22,77.7268,0.017967,0.164054
MF_EQUITY_005,2023-05-23,79.4439,0.022091,0.17451
MF_EQUITY_005,2023-05-24,80.1946,0.00945,0.175736
MF_EQUITY_005,2023-05-25,80.8058,0.007621,0.167427
MF_EQUITY_005,2023-05-26,80.0184,-0.009745,0.170483
MF_EQUITY_005,2023-05-29,80.4033,0.004811,0.170703
MF_EQUITY_005,2023-05-30,80.9807,0.007182,0.171344
MF_EQUITY_005,2023-05-31,80.8168,-0.002024,0.170511
MF_EQUITY_005,2023-06-01,80.2804,-0.006637,0.169228
MF_EQUITY_005,2023-06-02,79.0862,-0.014876,0.170969
MF_EQUITY_005,2023-06-05,77.4766,-0.020353,0.178578
MF_EQUITY_005,2023-06-06,75.7043,-0.022875,0.185649
MF_EQUITY_005,2023-06-07,76.2686,0.007453,0.185227
MF_EQUITY_005,2023-06-08,76.4419,0.002272,0.180658
MF_EQUITY_005,2023-06-09,76.0363,-0.005306,0.180757
MF_EQUITY_005,2023-06-12,75.7719,-0.003477,0.180497
MF_EQUITY_005,2023-06-13,76.0011,0.003026,0.180361
MF_EQUITY_005,2023-06-14,75.889,-0.001475,0.178772
MF_EQUITY_005,2023-06-15,74.7062,-0.015587,0.182812
MF_EQUITY_005,2023-06-16,75.562,0.011456,0.183023
MF_EQUITY_005,2023-06-19,75.8756,0.00415,0.182014
MF_EQUITY_005,2023-06-20,76.1556,0.003691,0.175868
MF_EQUITY_005,2023-06-21,76.9591,0.010551,0.173283
MF_EQUITY_005,2023-06-22,76.2462,-0.009264,0.174743
MF_EQUITY_005,2023-06-23,77.3948,0.015065,0.179633
MF_EQUITY_005,2023-06-26,77.3034,-0.001181,0.176505
MF_EQUITY_005,2023-06-27,78.1664,0.011163,0.177751
MF_EQUITY_005,2023-06-28,78.8944,0.009313,0.174503
MF_EQUITY_005,2023-06-29,77.9504,-0.011966,0.177232
MF_EQUITY_005,2023-06-30,78.4598,0.006535,0.178016
MF_EQUITY_005,2023-07-03,78.8062,0.004415,0.170963
MF_EQUITY_005,2023-07-04,78.8743,0.000864,0.158285
MF_EQUITY_005,2023-07-05,78.8244,-0.000632,0.155623
MF_EQUITY_005,2023-07-06,78.7825,-0.000531,0.153696
MF_EQUITY_005,2023-07-07,79.5902,0.010252,0.154507
MF_EQUITY_005,2023-07-10,80.182,0.007435,0.155421
MF_EQUITY_005,2023-07-11,80.2514,0.000866,0.15394
MF_EQUITY_005,2023-07-12,78.8548,-0.017403,0.161731
MF_EQUITY_005,2023-07-13,79.3621,0.006433,0.162045
MF_EQUITY_005,2023-07-14,80.0909,0.009183,0.15824
MF_EQUITY_005,2023-07-17,82.3418,0.028105,0.165012
MF_EQUITY_005,2023-07-18,83.4456,0.013405,0.15016
MF_EQUITY_005,2023-07-19,81.5856,-0.02229,0.16682
MF_EQUITY_005,2023-07-20,81.7032,0.001441,0.166839
MF_EQUITY_005,2023-07-21,83.52,0.022237,0.174869
MF_EQUITY_005,2023-07-24,84.1867,0.007983,0.174224
MF_EQUITY_005,2023-07-25,84.5608,0.004444,0.174233
MF_EQUITY_005,2023-07-26,85.5166,0.011303,0.17492
MF_EQUITY_005,2023-07-27,84.9207,-0.006969,0.168166
MF_EQUITY_005,2023-07-28,85.4503,0.006237,0.166922
MF_EQUITY_005,2023-07-31,85.2362,-0.002506,0.168037
MF_EQUITY_005,2023-08-01,85.2588,0.000265,0.168374
MF_EQUITY_005,2023-08-02,86.149,0.010441,0.168336
MF_EQUITY_005,2023-08-03,85.234,-0.010621,0.169295
MF_EQUITY_005,2023-08-04,86.594,0.015956,0.169831
MF_EQUITY_005,2023-08-07,86.1979,-0.004574,0.170977
MF_EQUITY_005,2023-08-08,86.5107,0.003628,0.169505
MF_EQUITY_005,2023-08-09,85.1,-0.016306,0.177851
MF_EQUITY_005,2023-08-10,85.8777,0.009138,0.173304
MF_EQUITY_005,2023-08-11,87.4113,0.017858,0.178184
MF_EQUITY_005,2023-08-14,86.9151,-0.005676,0.180205
MF_EQUITY_005,2023-08-15,85.8007,-0.012823,0.186104
MF_EQUITY_005,2023-08-16,86.1298,0.003836,0.185822
MF_EQUITY_005,2023-08-17,87.6765,0.017958,0.190418
MF_EQUITY_005,2023-08-18,86.1949,-0.016898,0.198321
MF_EQUITY_005,2023-08-21,85.0937,-0.012776,0.202761
MF_EQUITY_005,2023-08-22,84.6725,-0.00495,0.203758
MF_EQUITY_005,2023-08-23,83.8813,-0.009344,0.198403
MF_EQUITY_005,2023-08-24,83.1006,-0.009306,0.200672
MF_EQUITY_005,2023-08-25,81.0539,-0.024629,0.213129
MF_EQUITY_005,2023-08-28,81.6674,0.007569,0.197761
MF_EQUITY_005,2023-08-29,82.0402,0.004565,0.194102
MF_EQUITY_005,2023-08-30,80.4087,-0.019886,0.191869
MF_EQUITY_005,2023-08-31,81.855,0.017986,0.199114
MF_EQUITY_005,2023-09-01,83.5472,0.020673,0.197651
MF_EQUITY_005,2023-09-04,82.8361,-0.008511,0.197706
MF_EQUITY_005,2023-09-05,84.0371,0.014499,0.201976
MF_EQUITY_005,2023-09-06,83.5013,-0.006376,0.199769
MF_EQUITY_005,2023-09-07,83.7245,0.002673,0.1991
MF_EQUITY_005,2023-09-08,82.9267,-0.009529,0.199778
MF_EQUITY_005,2023-09-11,85.1716,0.027071,0.215512
MF_EQUITY_005,2023-09-12,84.9117,-0.003052,0.215699
MF_EQUITY_005,2023-09-13,85.083,0.002017,0.213511
MF_EQUITY_005,2023-09-14,84.4231,-0.007755,0.212469
MF_EQUITY_005,2023-09-15,86.351,0.022836,0.217891
MF_EQUITY_005,2023-09-18,88.3491,0.023139,0.227434
MF_EQUITY_005,2023-09-19,90.1224,0.020071,0.234032
MF_EQUITY_005,2023-09-20,91.2018,0.011977,0.22968
MF_EQUITY_005,2023-09-21,90.5636,-0.006997,0.230334
MF_EQUITY_005,2023-09-22,91.5086,0.010434,0.226836
MF_EQUITY_005,2023-09-25,91.5466,0.000415,0.225816
MF_EQUITY_005,2023-09-26,93.0341,0.016249,0.225143
MF_EQUITY_005,2023-09-27,94.3264,0.013891,0.22742
MF_EQUITY_005,2023-09-28,93.6387,-0.007291,0.224878
MF_EQUITY_005,2023-09-29,94.7505,0.011874,0.218924
MF_EQUITY_005,2023-10-02,95.5734,0.008684,0.214053
MF_EQUITY_005,2023-10-03,92.4402,-0.032783,0.23799
MF_EQUITY_005,2023-10-04,93.3749,0.010111,0.235864
MF_EQUITY_005,2023-10-05,92.9378,-0.004682,0.234024
MF_EQUITY_005,2023-10-06,91.9961,-0.010133,0.222171
MF_EQUITY_005,2023-10-09,91.1112,-0.009619,0.225549
MF_EQUITY_005,2023-10-10,91.0088,-0.001123,0.225973
MF_EQUITY_005,2023-10-11,91.5786,0.006261,0.214828
MF_EQUITY_005,2023-10-12,90.1239,-0.015886,0.218657
MF_EQUITY_005,2023-10-13,90.3742,0.002778,0.212365
MF_EQUITY_005,2023-10-16,91.0449,0.007421,0.210059
MF_EQUITY_005,2023-10-17,93.1245,0.022842,0.215272
MF_EQUITY_005,2023-10-18,91.9679,-0.01242,0.218376
MF_EQUITY_005,2023-10-19,91.628,-0.003695,0.219317
MF_EQUITY_005,2023-10-20,91.9616,0.00364,0.216022
MF_EQUITY_005,2023-10-23,93.2738,0.014269,0.206899
MF_EQUITY_005,2023-10-24,92.9799,-0.003151,0.206925
MF_EQUITY_005,2023-10-25,94.3638,0.014884,0.209675
MF_EQUITY_005,2023-10-26,92.2171,-0.022748,0.220897
MF_EQUITY_005,2023-10-27,90.8763,-0.01454,0.21834
MF_EQUITY_005,2023-10-30,91.3019,0.004684,0.209016
MF_EQUITY_005,2023-10-31,89.8018,-0.01643,0.207113
MF_EQUITY_005,2023-11-01,88.5811,-0.013594,0.207484
MF_EQUITY_005,2023-11-02,88.0644,-0.005833,0.207213
MF_EQUITY_005,2023-11-03,88.9237,0.009757,0.206902
MF_EQUITY_005,2023-11-06,86.945,-0.022252,0.21591
MF_EQUITY_005,2023-11-07,87.1661,0.002544,0.209611
MF_EQUITY_005,2023-11-08,88.2902,0.012896,0.208971
MF_EQUITY_005,2023-11-09,88.1278,-0.001839,0.208395
MF_EQUITY_005,2023-11-10,87.7818,-0.003926,0.204287
MF_EQUITY_005,2023-11-13,88.2489,0.005321,0.202921
MF_EQUITY_005,2023-11-14,88.0896,-0.001805,0.181589
MF_EQUITY_005,2023-11-15,89.6035,0.017186,0.186622
MF_EQUITY_005,2023-11-16,88.4533,-0.012837,0.18938
MF_EQUITY_005,2023-11-17,88.4427,-0.00012,0.187666
MF_EQUITY_005,2023-11-20,88.7052,0.002968,0.186326
MF_EQUITY_005,2023-11-21,88.3467,-0.004041,0.186558
MF_EQUITY_005,2023-11-22,85.3468,-0.033955,0.208252
MF_EQUITY_005,2023-11-23,85.2247,-0.001431,0.20421
MF_EQUITY_005,2023-11-24,86.1879,0.011302,0.207334
MF_EQUITY_005,2023-11-27,87.0358,0.009837,0.208353
MF_EQUITY_005,2023-11-28,87.4499,0.004757,0.1963
MF_EQUITY_005,2023-11-29,86.3415,-0.012674,0.196418
MF_EQUITY_005,2023-11-30,86.7942,0.005244,0.197465
MF_EQUITY_005,2023-12-01,86.2404,-0.006381,0.197233
MF_EQUITY_005,2023-12-04,86.6493,0.004742,0.192247
MF_EQUITY_005,2023-12-05,86.819,0.001958,0.192639
MF_EQUITY_005,2023-12-06,85.8452,-0.011217,0.187291
MF_EQUITY_005,2023-12-07,84.9687,-0.010209,0.1792
MF_EQUITY_005,2023-12-08,85.3732,0.00476,0.176799
MF_EQUITY_005,2023-12-11,85.1894,-0.002153,0.175653
MF_EQUITY_005,2023-12-12,84.373,-0.009583,0.17193
MF_EQUITY_005,2023-12-13,83.4808,-0.010574,0.170379
MF_EQUITY_005,2023-12-14,83.2182,-0.003146,0.170021
MF_EQUITY_005,2023-12-15,84.8257,0.019317,0.177763
MF_EQUITY_005,2023-12-18,84.3326,-0.005813,0.167164
MF_EQUITY_005,2023-12-19,84.3606,0.000332,0.166884
MF_EQUITY_005,2023-12-20,84.5057,0.00172,0.161843
MF_EQUITY_005,2023-12-21,83.401,-0.013072,0.16534
MF_EQUITY_005,2023-12-22,81.6785,-0.020654,0.1741
MF_EQUITY_005,2023-12-25,80.713,-0.01182,0.174632
MF_EQUITY_005,2023-12-26,80.9927,0.003465,0.175588
MF_EQUITY_005,2023-12-27,81.1181,0.001548,0.165743
MF_EQUITY_005,2023-12-28,81.8424,0.008929,0.166813
MF_EQUITY_005,2023-12-29,81.9783,0.001661,0.167117
MF_EQUITY_005,2024-01-01,81.9115,-0.000815,0.166405
MF_EQUITY_005,2024-01-02,81.3588,-0.006748,0.166793
MF_EQUITY_005,2024-01-03,82.2631,0.011115,0.142803
MF_EQUITY_005,2024-01-04,81.3969,-0.01053,0.145351
MF_EQUITY_005,2024-01-05,80.353,-0.012825,0.143711
MF_EQUITY_005,2024-01-08,80.9399,0.007305,0.142031
MF_EQUITY_005,2024-01-09,79.6855,-0.015498,0.145283
MF_EQUITY_005,2024-01-10,82.0345,0.029477,0.170247
MF_EQUITY_005,2024-01-11,82.1542,0.00146,0.169266
MF_EQUITY_005,2024-01-12,82.5383,0.004675,0.169685
MF_EQUITY_005,2024-01-15,81.7788,-0.009201,0.170106
MF_EQUITY_005,2024-01-16,81.5103,-0.003283,0.169759
MF_EQUITY_005,2024-01-17,81.1337,-0.004621,0.167726
MF_EQUITY_005,2024-01-18,80.6467,-0.006002,0.166337
MF_EQUITY_005,2024-01-19,81.2996,0.008096,0.167735
MF_EQUITY_005,2024-01-22,80.9016,-0.004895,0.168005
MF_EQUITY_005,2024-01-23,81.9299,0.01271,0.171269
MF_EQUITY_005,2024-01-24,84.5892,0.032458,0.194088
MF_EQUITY_005,2024-01-25,84.3315,-0.003046,0.194072
MF_EQUITY_005,2024-01-26,84.5278,0.002328,0.185841
MF_EQUITY_005,2024-01-29,84.955,0.005054,0.185582
MF_EQUITY_005,2024-01-30,86.8442,0.022238,0.196162
MF_EQUITY_005,2024-01-31,86.8015,-0.000492,0.1962
MF_EQUITY_005,2024-02-01,85.9814,-0.009448,0.194218
MF_EQUITY_005,2024-02-02,84.7178,-0.014696,0.189123
MF_EQUITY_005,2024-02-05,84.7012,-0.000196,0.18508
MF_EQUITY_005,2024-02-06,84.2878,-0.004881,0.185957
MF_EQUITY_005,2024-02-07,86.363,0.02462,0.197769
MF_EQUITY_005,2024-02-08,88.2404,0.021738,0.204931
MF_EQUITY_005,2024-02-09,87.1892,-0.011912,0.209198
MF_EQUITY_005,2024-02-12,86.4892,-0.008029,0.211119
MF_EQUITY_005,2024-02-13,86.609,0.001385,0.209534
MF_EQUITY_005,2024-02-14,88.1044,0.017267,0.212553
MF_EQUITY_005,2024-02-15,88.2088,0.001184,0.209056
MF_EQUITY_005,2024-02-16,87.5678,-0.007267,0.206053
MF_EQUITY_005,2024-02-19,87.5497,-0.000207,0.205824
MF_EQUITY_005,2024-02-20,86.9332,-0.007042,0.200723
MF_EQUITY_005,2024-02-21,87.6051,0.00773,0.185064
MF_EQUITY_005,2024-02-22,86.9036,-0.008008,0.187437
MF_EQUITY_005,2024-02-23,86.4147,-0.005625,0.188507
MF_EQUITY_005,2024-02-26,87.6628,0.014443,0.18919
MF_EQUITY_005,2024-02-27,86.8984,-0.00872,0.191251
MF_EQUITY_005,2024-02-28,85.4338,-0.016854,0.198205
MF_EQUITY_005,2024-02-29,85.5739,0.00164,0.196825
MF_EQUITY_005,2024-03-01,85.2465,-0.003826,0.196677
MF_EQUITY_005,2024-03-04,85.8123,0.006637,0.196179
MF_EQUITY_005,2024-03-05,86.1821,0.00431,0.193703
MF_EQUITY_005,2024-03-06,86.1922,0.000117,0.170447
MF_EQUITY_005,2024-03-07,86.1722,-0.000233,0.170108
MF_EQUITY_005,2024-03-08,85.4543,-0.00833,0.172056
MF_EQUITY_005,2024-03-11,85.5825,0.0015,0.171531
MF_EQUITY_005,2024-03-12,86.5304,0.011075,0.161907
MF_EQUITY_005,2024-03-13,85.5629,-0.011181,0.165082
MF_EQUITY_005,2024-03-14,85.6001,0.000435,0.162859
MF_EQUITY_005,2024-03-15,86.7095,0.012961,0.161032
MF_EQUITY_005,2024-03-18,87.2788,0.006565,0.16185
MF_EQUITY_005,2024-03-19,88.6939,0.016214,0.166611
MF_EQUITY_005,2024-03-20,88.1336,-0.006318,0.15331
MF_EQUITY_005,2024-03-21,86.2414,-0.021469,0.152984
MF_EQUITY_005,2024-03-22,86.4922,0.002908,0.149553
MF_EQUITY_005,2024-03-25,86.9117,0.004851,0.148366
MF_EQUITY_005,2024-03-26,88.3824,0.016921,0.156073
MF_EQUITY_005,2024-03-27,89.6867,0.014758,0.153916
MF_EQUITY_005,2024-03-28,90.3092,0.006941,0.154994
MF_EQUITY_005,2024-03-29,91.1838,0.009685,0.155085
