date,index_name,close_value
2021-08-02,Nifty 50,18136.62
2021-08-03,Nifty 50,17900.81
2021-08-04,Nifty 50,18014.48
2021-08-05,Nifty 50,17841.33
2021-08-06,Nifty 50,17971.14
2021-08-09,Nifty 50,17947.42
2021-08-10,Nifty 50,17878.84
2021-08-11,Nifty 50,17712.74
2021-08-12,Nifty 50,17651.2
2021-08-13,Nifty 50,17767.12
2021-08-16,Nifty 50,17979.13
2021-08-17,Nifty 50,18091.33
2021-08-18,Nifty 50,18370.89
2021-08-19,Nifty 50,18892.27
2021-08-20,Nifty 50,18833.34
2021-08-23,Nifty 50,18799.17
2021-08-24,Nifty 50,18509.84
2021-08-25,Nifty 50,18760.61
2021-08-26,Nifty 50,19037.21
2021-08-27,Nifty 50,18864.18
2021-08-30,Nifty 50,19000.84
2021-08-31,Nifty 50,19263.77
2021-09-01,Nifty 50,19320.39
2021-09-02,Nifty 50,19509.17
2021-09-03,Nifty 50,19555.47
2021-09-06,Nifty 50,19302.51
2021-09-07,Nifty 50,19534.0
2021-09-08,Nifty 50,19827.53
2021-09-09,Nifty 50,19996.65
2021-09-10,Nifty 50,19795.69
2021-09-13,Nifty 50,19641.03
2021-09-14,Nifty 50,19405.63
2021-09-15,Nifty 50,19578.73
2021-09-16,Nifty 50,19860.71
2021-09-17,Nifty 50,19962.38
2021-09-20,Nifty 50,20177.89
2021-09-21,Nifty 50,19994.39
2021-09-22,Nifty 50,20035.47
2021-09-23,Nifty 50,19742.58
2021-09-24,Nifty 50,19583.86
2021-09-27,Nifty 50,19781.96
2021-09-28,Nifty 50,19738.72
2021-09-29,Nifty 50,20010.19
2021-09-30,Nifty 50,20137.61
2021-10-01,Nifty 50,20752.38
2021-10-04,Nifty 50,20783.13
2021-10-05,Nifty 50,20470.95
2021-10-06,Nifty 50,20472.39
2021-10-07,Nifty 50,20264.74
2021-10-08,Nifty 50,20491.68
2021-10-11,Nifty 50,20510.36
2021-10-12,Nifty 50,20488.62
2021-10-13,Nifty 50,20469.87
2021-10-14,Nifty 50,20645.78
2021-10-15,Nifty 50,20552.32
2021-10-18,Nifty 50,20737.24
2021-10-19,Nifty 50,20985.07
2021-10-20,Nifty 50,20915.54
2021-10-21,Nifty 50,20711.89
2021-10-22,Nifty 50,20604.34
2021-10-25,Nifty 50,20774.56
2021-10-26,Nifty 50,20805.04
2021-10-27,Nifty 50,20958.6
2021-10-28,Nifty 50,21374.47
2021-10-29,Nifty 50,21438.39
2021-11-01,Nifty 50,21257.27
2021-11-02,Nifty 50,21514.09
2021-11-03,Nifty 50,21535.93
2021-11-04,Nifty 50,21752.3
2021-11-05,Nifty 50,22017.2
2021-11-08,Nifty 50,21794.85
2021-11-09,Nifty 50,22135.98
2021-11-10,Nifty 50,22366.34
2021-11-11,Nifty 50,22227.82
2021-11-12,Nifty 50,22312.27
2021-11-15,Nifty 50,22385.43
2021-11-16,Nifty 50,22401.4
2021-11-17,Nifty 50,22626.33
2021-11-18,Nifty 50,22994.26
2021-11-19,Nifty 50,23006.45
2021-11-22,Nifty 50,23353.61
2021-11-23,Nifty 50,23617.98
2021-11-24,Nifty 50,23688.96
2021-11-25,Nifty 50,23745.53
2021-11-26,Nifty 50,23455.16
2021-11-29,Nifty 50,23078.51
2021-11-30,Nifty 50,23130.79
2021-12-01,Nifty 50,22923.42
2021-12-02,Nifty 50,22923.74
2021-12-03,Nifty 50,22799.23
2021-12-06,Nifty 50,22360.95
2021-12-07,Nifty 50,22458.9
2021-12-08,Nifty 50,22366.6
2021-12-09,Nifty 50,22396.39
2021-12-10,Nifty 50,22186.44
2021-12-13,Nifty 50,22114.72
2021-12-14,Nifty 50,22504.25
2021-12-15,Nifty 50,22546.2
2021-12-16,Nifty 50,22692.64
2021-12-17,Nifty 50,22385.62
2021-12-20,Nifty 50,22983.97
2021-12-21,Nifty 50,23460.38
2021-12-22,Nifty 50,23822.79
2021-12-23,Nifty 50,24050.69
2021-12-24,Nifty 50,24065.51
2021-12-27,Nifty 50,24193.37
2021-12-28,Nifty 50,24483.16
2021-12-29,Nifty 50,24324.9
2021-12-30,Nifty 50,24216.91
2021-12-31,Nifty 50,23783.17
2022-01-03,Nifty 50,23591.96
2022-01-04,Nifty 50,24033.7
2022-01-05,Nifty 50,23956.15
2022-01-06,Nifty 50,23883.17
2022-01-07,Nifty 50,23977.4
2022-01-10,Nifty 50,23562.96
2022-01-11,Nifty 50,23818.6
2022-01-12,Nifty 50,24161.12
2022-01-13,Nifty 50,24272.27
2022-01-14,Nifty 50,24724.1
2022-01-17,Nifty 50,24374.37
2022-01-18,Nifty 50,24879.67
2022-01-19,Nifty 50,24690.88
2022-01-20,Nifty 50,24354.37
2022-01-21,Nifty 50,24301.73
2022-01-24,Nifty 50,24813.09
2022-01-25,Nifty 50,24818.95
2022-01-26,Nifty 50,24575.51
2022-01-27,Nifty 50,24236.51
2022-01-28,Nifty 50,24219.39
2022-01-31,Nifty 50,23698.8
2022-02-01,Nifty 50,23370.52
2022-02-02,Nifty 50,23777.73
2022-02-03,Nifty 50,24134.53
2022-02-04,Nifty 50,24111.3
2022-02-07,Nifty 50,23998.65
2022-02-08,Nifty 50,24024.89
2022-02-09,Nifty 50,24656.22
2022-02-10,Nifty 50,24777.15
2022-02-11,Nifty 50,25036.25
2022-02-14,Nifty 50,24991.76
2022-02-15,Nifty 50,25019.74
2022-02-16,Nifty 50,25209.11
2022-02-17,Nifty 50,25255.42
2022-02-18,Nifty 50,24739.68
2022-02-21,Nifty 50,25099.29
2022-02-22,Nifty 50,24940.75
2022-02-23,Nifty 50,25531.21
2022-02-24,Nifty 50,25735.6
2022-02-25,Nifty 50,25767.27
2022-02-28,Nifty 50,25903.39
2022-03-01,Nifty 50,25884.13
2022-03-02,Nifty 50,25757.28
2022-03-03,Nifty 50,25827.69
2022-03-04,Nifty 50,26090.74
2022-03-07,Nifty 50,25969.16
2022-03-08,Nifty 50,25803.1
2022-03-09,Nifty 50,25713.81
2022-03-10,Nifty 50,25994.66
2022-03-11,Nifty 50,26421.7
2022-03-14,Nifty 50,26538.81
2022-03-15,Nifty 50,26720.45
2022-03-16,Nifty 50,26547.39
2022-03-17,Nifty 50,26815.37
2022-03-18,Nifty 50,26990.18
2022-03-21,Nifty 50,26791.5
2022-03-22,Nifty 50,26276.71
2022-03-23,Nifty 50,25935.74
2022-03-24,Nifty 50,25756.49
2022-03-25,Nifty 50,26097.28
2022-03-28,Nifty 50,26554.81
2022-03-29,Nifty 50,26438.37
2022-03-30,Nifty 50,26331.64
2022-03-31,Nifty 50,26419.27
2022-04-01,Nifty 50,26434.69
2022-04-04,Nifty 50,26717.28
2022-04-05,Nifty 50,26575.54
2022-04-06,Nifty 50,26864.97
2022-04-07,Nifty 50,26806.36
2022-04-08,Nifty 50,27070.24
2022-04-11,Nifty 50,27001.71
2022-04-12,Nifty 50,26831.76
2022-04-13,Nifty 50,27408.25
2022-04-14,Nifty 50,27741.74
2022-04-15,Nifty 50,27207.37
2022-04-18,Nifty 50,27085.9
2022-04-19,Nifty 50,27457.09
2022-04-20,Nifty 50,27108.02
2022-04-21,Nifty 50,27350.03
2022-04-22,Nifty 50,27563.02
2022-04-25,Nifty 50,27363.44
2022-04-26,Nifty 50,27373.1
2022-04-27,Nifty 50,26756.11
2022-04-28,Nifty 50,27289.22
2022-04-29,Nifty 50,27208.71
2022-05-02,Nifty 50,27461.53
2022-05-03,Nifty 50,27659.32
2022-05-04,Nifty 50,28084.91
2022-05-05,Nifty 50,27963.68
2022-05-06,Nifty 50,28038.96
2022-05-09,Nifty 50,28224.02
2022-05-10,Nifty 50,28507.62
2022-05-11,Nifty 50,28882.43
2022-05-12,Nifty 50,28743.76
2022-05-13,Nifty 50,28546.68
2022-05-16,Nifty 50,28986.62
2022-05-17,Nifty 50,28350.14
2022-05-18,Nifty 50,28852.51
2022-05-19,Nifty 50,28769.54
2022-05-20,Nifty 50,28781.05
2022-05-23,Nifty 50,28577.97
2022-05-24,Nifty 50,28575.68
2022-05-25,Nifty 50,28988.1
2022-05-26,Nifty 50,29246.95
2022-05-27,Nifty 50,29418.62
2022-05-30,Nifty 50,29460.62
2022-05-31,Nifty 50,29005.4
2022-06-01,Nifty 50,28749.12
2022-06-02,Nifty 50,28653.52
2022-06-03,Nifty 50,28810.67
2022-06-06,Nifty 50,28845.71
2022-06-07,Nifty 50,29170.76
2022-06-08,Nifty 50,29335.87
2022-06-09,Nifty 50,29366.6
2022-06-10,Nifty 50,30114.97
2022-06-13,Nifty 50,30263.09
2022-06-14,Nifty 50,30132.91
2022-06-15,Nifty 50,30762.98
2022-06-16,Nifty 50,31183.04
2022-06-17,Nifty 50,31820.01
2022-06-20,Nifty 50,31795.5
2022-06-21,Nifty 50,32151.27
2022-06-22,Nifty 50,31651.92
2022-06-23,Nifty 50,31939.13
2022-06-24,Nifty 50,31898.09
2022-06-27,Nifty 50,31436.98
2022-06-28,Nifty 50,31808.21
2022-06-29,Nifty 50,31189.18
2022-06-30,Nifty 50,30547.0
2022-07-01,Nifty 50,30682.54
2022-07-04,Nifty 50,30889.19
2022-07-05,Nifty 50,31232.85
2022-07-06,Nifty 50,31501.82
2022-07-07,Nifty 50,32027.68
2022-07-08,Nifty 50,32288.79
2022-07-11,Nifty 50,32256.33
2022-07-12,Nifty 50,32244.73
2022-07-13,Nifty 50,32159.14
2022-07-14,Nifty 50,32278.14
2022-07-15,Nifty 50,31903.04
2022-07-18,Nifty 50,32037.04
2022-07-19,Nifty 50,32021.0
2022-07-20,Nifty 50,32132.5
2022-07-21,Nifty 50,32245.47
2022-07-22,Nifty 50,31390.17
2022-07-25,Nifty 50,31093.08
2022-07-26,Nifty 50,31069.92
2022-07-27,Nifty 50,31064.94
2022-07-28,Nifty 50,31167.55
2022-07-29,Nifty 50,31285.24
2022-08-01,Nifty 50,31821.11
2022-08-02,Nifty 50,31944.8
2022-08-03,Nifty 50,31849.18
2022-08-04,Nifty 50,31303.27
2022-08-05,Nifty 50,30846.11
2022-08-08,Nifty 50,31041.68
2022-08-09,Nifty 50,31417.75
2022-08-10,Nifty 50,31964.58
2022-08-11,Nifty 50,31687.87
2022-08-12,Nifty 50,31596.21
2022-08-15,Nifty 50,31694.65
2022-08-16,Nifty 50,32422.72
2022-08-17,Nifty 50,32478.28
2022-08-18,Nifty 50,33047.1
2022-08-19,Nifty 50,33123.76
2022-08-22,Nifty 50,33558.86
2022-08-23,Nifty 50,33952.92
2022-08-24,Nifty 50,34030.23
2022-08-25,Nifty 50,33663.58
2022-08-26,Nifty 50,33579.09
2022-08-29,Nifty 50,34144.21
2022-08-30,Nifty 50,34489.27
2022-08-31,Nifty 50,34340.27
2022-09-01,Nifty 50,34226.42
2022-09-02,Nifty 50,33590.16
2022-09-05,Nifty 50,34138.95
2022-09-06,Nifty 50,34487.06
2022-09-07,Nifty 50,34450.57
2022-09-08,Nifty 50,34541.92
2022-09-09,Nifty 50,33732.62
2022-09-12,Nifty 50,33567.2
2022-09-13,Nifty 50,34075.03
2022-09-14,Nifty 50,34458.27
2022-09-15,Nifty 50,34599.13
2022-09-16,Nifty 50,34609.1
2022-09-19,Nifty 50,34927.86
2022-09-20,Nifty 50,34835.47
2022-09-21,Nifty 50,34213.25
2022-09-22,Nifty 50,34226.32
2022-09-23,Nifty 50,34393.49
2022-09-26,Nifty 50,34833.71
2022-09-27,Nifty 50,34297.16
2022-09-28,Nifty 50,34266.22
2022-09-29,Nifty 50,34253.26
2022-09-30,Nifty 50,33853.73
2022-10-03,Nifty 50,34050.57
2022-10-04,Nifty 50,34345.83
2022-10-05,Nifty 50,34251.46
2022-10-06,Nifty 50,35041.16
2022-10-07,Nifty 50,34933.83
2022-10-10,Nifty 50,34777.9
2022-10-11,Nifty 50,34611.58
2022-10-12,Nifty 50,34316.67
2022-10-13,Nifty 50,34121.09
2022-10-14,Nifty 50,33598.19
2022-10-17,Nifty 50,33542.52
2022-10-18,Nifty 50,33578.82
2022-10-19,Nifty 50,32750.74
2022-10-20,Nifty 50,32728.75
2022-10-21,Nifty 50,32758.65
2022-10-24,Nifty 50,32958.82
2022-10-25,Nifty 50,33410.39
2022-10-26,Nifty 50,33738.3
2022-10-27,Nifty 50,33523.26
2022-10-28,Nifty 50,33266.79
2022-10-31,Nifty 50,33493.82
2022-11-01,Nifty 50,33307.25
2022-11-02,Nifty 50,32872.31
2022-11-03,Nifty 50,33745.58
2022-11-04,Nifty 50,33645.42
2022-11-07,Nifty 50,33428.69
2022-11-08,Nifty 50,32637.65
2022-11-09,Nifty 50,32958.0
2022-11-10,Nifty 50,32614.67
2022-11-11,Nifty 50,32639.61
2022-11-14,Nifty 50,33002.07
2022-11-15,Nifty 50,32663.97
2022-11-16,Nifty 50,32707.22
2022-11-17,Nifty 50,33270.17
2022-11-18,Nifty 50,32386.04
2022-11-21,Nifty 50,32111.88
2022-11-22,Nifty 50,31806.81
2022-11-23,Nifty 50,31755.73
2022-11-24,Nifty 50,31753.33
2022-11-25,Nifty 50,31396.93
2022-11-28,Nifty 50,31185.06
2022-11-29,Nifty 50,30933.85
2022-11-30,Nifty 50,30828.41
2022-12-01,Nifty 50,30916.28
2022-12-02,Nifty 50,31239.86
2022-12-05,Nifty 50,31616.57
2022-12-06,Nifty 50,31858.12
2022-12-07,Nifty 50,31566.18
2022-12-08,Nifty 50,31579.24
2022-12-09,Nifty 50,32418.23
2022-12-12,Nifty 50,32794.6
2022-12-13,Nifty 50,32650.45
2022-12-14,Nifty 50,33233.34
2022-12-15,Nifty 50,33106.43
2022-12-16,Nifty 50,32877.91
2022-12-19,Nifty 50,33397.48
2022-12-20,Nifty 50,32931.38
2022-12-21,Nifty 50,32252.95
2022-12-22,Nifty 50,32601.41
2022-12-23,Nifty 50,32626.01
2022-12-26,Nifty 50,32686.4
2022-12-27,Nifty 50,32571.16
2022-12-28,Nifty 50,32500.37
2022-12-29,Nifty 50,32351.22
2022-12-30,Nifty 50,32143.01
2023-01-02,Nifty 50,32022.44
2023-01-03,Nifty 50,31891.22
2023-01-04,Nifty 50,31614.9
2023-01-05,Nifty 50,31439.53
2023-01-06,Nifty 50,30588.14
2023-01-09,Nifty 50,30832.27
2023-01-10,Nifty 50,30978.5
2023-01-11,Nifty 50,30963.5
2023-01-12,Nifty 50,31058.27
2023-01-13,Nifty 50,31165.71
2023-01-16,Nifty 50,30931.53
2023-01-17,Nifty 50,30764.24
2023-01-18,Nifty 50,30956.87
2023-01-19,Nifty 50,31041.46
2023-01-20,Nifty 50,31753.13
2023-01-23,Nifty 50,32333.13
2023-01-24,Nifty 50,32679.52
2023-01-25,Nifty 50,32420.4
2023-01-26,Nifty 50,32233.65
2023-01-27,Nifty 50,31892.86
2023-01-30,Nifty 50,32005.36
2023-01-31,Nifty 50,31054.78
2023-02-01,Nifty 50,30912.09
2023-02-02,Nifty 50,30821.71
2023-02-03,Nifty 50,30318.79
2023-02-06,Nifty 50,30598.48
2023-02-07,Nifty 50,30228.83
2023-02-08,Nifty 50,30331.47
2023-02-09,Nifty 50,31273.91
2023-02-10,Nifty 50,30733.78
2023-02-13,Nifty 50,30697.39
2023-02-14,Nifty 50,30573.61
2023-02-15,Nifty 50,30384.92
2023-02-16,Nifty 50,30652.7
2023-02-17,Nifty 50,31039.52
2023-02-20,Nifty 50,31316.96
2023-02-21,Nifty 50,31081.87
2023-02-22,Nifty 50,31927.99
2023-02-23,Nifty 50,31320.63
2023-02-24,Nifty 50,30978.96
2023-02-27,Nifty 50,31050.74
2023-02-28,Nifty 50,31095.24
2023-03-01,Nifty 50,31276.17
2023-03-02,Nifty 50,31833.87
2023-03-03,Nifty 50,31806.23
2023-03-06,Nifty 50,31860.33
2023-03-07,Nifty 50,31666.31
2023-03-08,Nifty 50,31885.49
2023-03-09,Nifty 50,31788.14
2023-03-10,Nifty 50,31690.88
2023-03-13,Nifty 50,31894.6
2023-03-14,Nifty 50,32272.04
2023-03-15,Nifty 50,31502.7
2023-03-16,Nifty 50,31641.9
2023-03-17,Nifty 50,31562.09
2023-03-20,Nifty 50,31905.29
2023-03-21,Nifty 50,31831.87
2023-03-22,Nifty 50,32301.75
2023-03-23,Nifty 50,32075.95
2023-03-24,Nifty 50,31303.44
2023-03-27,Nifty 50,31679.63
2023-03-28,Nifty 50,31399.93
2023-03-29,Nifty 50,30868.25
2023-03-30,Nifty 50,30887.59
2023-03-31,Nifty 50,30820.22
2023-04-03,Nifty 50,31113.14
2023-04-04,Nifty 50,31432.57
2023-04-05,Nifty 50,31479.77
2023-04-06,Nifty 50,31187.55
2023-04-07,Nifty 50,31300.02
2023-04-10,Nifty 50,31370.98
2023-04-11,Nifty 50,31581.43
2023-04-12,Nifty 50,31291.73
2023-04-13,Nifty 50,31168.0
2023-04-14,Nifty 50,31356.67
2023-04-17,Nifty 50,31801.01
2023-04-18,Nifty 50,32153.21
2023-04-19,Nifty 50,32196.7
2023-04-20,Nifty 50,32038.57
2023-04-21,Nifty 50,32195.31
2023-04-24,Nifty 50,31823.28
2023-04-25,Nifty 50,31551.61
2023-04-26,Nifty 50,32089.8
2023-04-27,Nifty 50,32246.15
2023-04-28,Nifty 50,32137.39
2023-05-01,Nifty 50,32444.96
2023-05-02,Nifty 50,32918.88
2023-05-03,Nifty 50,32772.68
2023-05-04,Nifty 50,32633.35
2023-05-05,Nifty 50,32449.65
2023-05-08,Nifty 50,32808.3
2023-05-09,Nifty 50,33174.41
2023-05-10,Nifty 50,33695.08
2023-05-11,Nifty 50,34084.08
2023-05-12,Nifty 50,33487.46
2023-05-15,Nifty 50,33606.02
2023-05-16,Nifty 50,33229.9
2023-05-17,Nifty 50,33057.37
2023-05-18,Nifty 50,33134.27
2023-05-19,Nifty 50,33453.73
2023-05-22,Nifty 50,33140.96
2023-05-23,Nifty 50,32308.4
2023-05-24,Nifty 50,32387.1
2023-05-25,Nifty 50,33343.46
2023-05-26,Nifty 50,33284.07
2023-05-29,Nifty 50,33316.22
2023-05-30,Nifty 50,33984.34
2023-05-31,Nifty 50,34220.29
2023-06-01,Nifty 50,34317.32
2023-06-02,Nifty 50,34499.66
2023-06-05,Nifty 50,34610.15
2023-06-06,Nifty 50,34191.81
2023-06-07,Nifty 50,33702.67
2023-06-08,Nifty 50,34417.33
2023-06-09,Nifty 50,34502.44
2023-06-12,Nifty 50,34555.95
2023-06-13,Nifty 50,34537.21
2023-06-14,Nifty 50,34849.49
2023-06-15,Nifty 50,35838.36
2023-06-16,Nifty 50,36061.04
2023-06-19,Nifty 50,35843.99
2023-06-20,Nifty 50,35807.52
2023-06-21,Nifty 50,36245.48
2023-06-22,Nifty 50,36029.43
2023-06-23,Nifty 50,36383.41
2023-06-26,Nifty 50,35470.98
2023-06-27,Nifty 50,35397.25
2023-06-28,Nifty 50,35657.76
2023-06-29,Nifty 50,36171.99
2023-06-30,Nifty 50,35862.61
2023-07-03,Nifty 50,35285.92
2023-07-04,Nifty 50,35200.6
2023-07-05,Nifty 50,34780.67
2023-07-06,Nifty 50,34739.3
2023-07-07,Nifty 50,34752.39
2023-07-10,Nifty 50,34263.75
2023-07-11,Nifty 50,34582.36
2023-07-12,Nifty 50,34538.12
2023-07-13,Nifty 50,34964.15
2023-07-14,Nifty 50,34270.32
2023-07-17,Nifty 50,33902.29
2023-07-18,Nifty 50,34110.22
2023-07-19,Nifty 50,33825.74
2023-07-20,Nifty 50,33779.74
2023-07-21,Nifty 50,33795.2
2023-07-24,Nifty 50,33869.24
2023-07-25,Nifty 50,33632.04
2023-07-26,Nifty 50,33702.41
2023-07-27,Nifty 50,33427.46
2023-07-28,Nifty 50,33690.44
2023-07-31,Nifty 50,33663.04
2023-08-01,Nifty 50,33735.6
2023-08-02,Nifty 50,34704.46
2023-08-03,Nifty 50,34297.44
2023-08-04,Nifty 50,34836.74
2023-08-07,Nifty 50,33833.35
2023-08-08,Nifty 50,33075.07
2023-08-09,Nifty 50,32638.58
2023-08-10,Nifty 50,32230.5
2023-08-11,Nifty 50,32317.22
2023-08-14,Nifty 50,32434.8
2023-08-15,Nifty 50,32358.48
2023-08-16,Nifty 50,32319.7
2023-08-17,Nifty 50,32521.87
2023-08-18,Nifty 50,32834.58
2023-08-21,Nifty 50,32370.24
2023-08-22,Nifty 50,32255.94
2023-08-23,Nifty 50,32245.77
2023-08-24,Nifty 50,32432.42
2023-08-25,Nifty 50,32171.36
2023-08-28,Nifty 50,32154.27
2023-08-29,Nifty 50,32179.34
2023-08-30,Nifty 50,31944.46
2023-08-31,Nifty 50,31702.91
2023-09-01,Nifty 50,31751.61
2023-09-04,Nifty 50,31720.38
2023-09-05,Nifty 50,31909.28
2023-09-06,Nifty 50,31553.94
2023-09-07,Nifty 50,31446.42
2023-09-08,Nifty 50,31381.28
2023-09-11,Nifty 50,31676.35
2023-09-12,Nifty 50,31362.92
2023-09-13,Nifty 50,31457.99
2023-09-14,Nifty 50,31559.61
2023-09-15,Nifty 50,32145.37
2023-09-18,Nifty 50,31803.73
2023-09-19,Nifty 50,31588.11
2023-09-20,Nifty 50,31276.62
2023-09-21,Nifty 50,30716.22
2023-09-22,Nifty 50,31326.29
2023-09-25,Nifty 50,30912.58
2023-09-26,Nifty 50,30648.92
2023-09-27,Nifty 50,31106.31
2023-09-28,Nifty 50,30520.44
2023-09-29,Nifty 50,30788.1
2023-10-02,Nifty 50,30323.41
2023-10-03,Nifty 50,30752.9
2023-10-04,Nifty 50,30032.71
2023-10-05,Nifty 50,29466.95
2023-10-06,Nifty 50,29303.58
2023-10-09,Nifty 50,29630.02
2023-10-10,Nifty 50,29633.27
2023-10-11,Nifty 50,29537.17
2023-10-12,Nifty 50,29987.8
2023-10-13,Nifty 50,30712.24
2023-10-16,Nifty 50,30953.17
2023-10-17,Nifty 50,30755.03
2023-10-18,Nifty 50,30627.41
2023-10-19,Nifty 50,30207.11
2023-10-20,Nifty 50,30254.2
2023-10-23,Nifty 50,29725.49
2023-10-24,Nifty 50,29919.32
2023-10-25,Nifty 50,30592.84
2023-10-26,Nifty 50,30848.09
2023-10-27,Nifty 50,30702.78
2023-10-30,Nifty 50,30894.56
2023-10-31,Nifty 50,31459.18
2023-11-01,Nifty 50,32016.81
2023-11-02,Nifty 50,31677.71
2023-11-03,Nifty 50,31869.78
2023-11-06,Nifty 50,31828.7
2023-11-07,Nifty 50,32125.42
2023-11-08,Nifty 50,32275.44
2023-11-09,Nifty 50,31448.64
2023-11-10,Nifty 50,31342.4
2023-11-13,Nifty 50,31424.96
2023-11-14,Nifty 50,30943.28
2023-11-15,Nifty 50,31154.97
2023-11-16,Nifty 50,30646.7
2023-11-17,Nifty 50,30391.33
2023-11-20,Nifty 50,30853.41
2023-11-21,Nifty 50,30567.35
2023-11-22,Nifty 50,30774.1
2023-11-23,Nifty 50,30194.34
2023-11-24,Nifty 50,30899.21
2023-11-27,Nifty 50,30809.6
2023-11-28,Nifty 50,30855.77
2023-11-29,Nifty 50,30930.42
2023-11-30,Nifty 50,31151.05
2023-12-01,Nifty 50,30644.51
2023-12-04,Nifty 50,30656.5
2023-12-05,Nifty 50,30448.14
2023-12-06,Nifty 50,29895.96
2023-12-07,Nifty 50,30234.03
2023-12-08,Nifty 50,30130.52
2023-12-11,Nifty 50,30224.45
2023-12-12,Nifty 50,30297.85
2023-12-13,Nifty 50,30199.88
2023-12-14,Nifty 50,30869.58
2023-12-15,Nifty 50,30867.42
2023-12-18,Nifty 50,30352.32
2023-12-19,Nifty 50,30232.3
2023-12-20,Nifty 50,30412.09
2023-12-21,Nifty 50,30603.95
2023-12-22,Nifty 50,30251.53
2023-12-25,Nifty 50,30574.44
2023-12-26,Nifty 50,29995.32
2023-12-27,Nifty 50,30386.32
2023-12-28,Nifty 50,29959.0
2023-12-29,Nifty 50,29897.92
2024-01-01,Nifty 50,30261.49
2024-01-02,Nifty 50,30314.92
2024-01-03,Nifty 50,30600.9
2024-01-04,Nifty 50,30822.92
2024-01-05,Nifty 50,31272.9
2024-01-08,Nifty 50,31652.38
2024-01-09,Nifty 50,31508.64
2024-01-10,Nifty 50,31742.19
2024-01-11,Nifty 50,31223.46
2024-01-12,Nifty 50,31217.62
2024-01-15,Nifty 50,31512.73
2024-01-16,Nifty 50,31573.31
2024-01-17,Nifty 50,31742.64
2024-01-18,Nifty 50,31682.46
2024-01-19,Nifty 50,32090.2
2024-01-22,Nifty 50,32076.26
2024-01-23,Nifty 50,31926.46
2024-01-24,Nifty 50,32252.17
2024-01-25,Nifty 50,31768.16
2024-01-26,Nifty 50,31957.55
2024-01-29,Nifty 50,31605.46
2024-01-30,Nifty 50,32063.97
2024-01-31,Nifty 50,31986.33
2024-02-01,Nifty 50,32048.22
2024-02-02,Nifty 50,32208.08
2024-02-05,Nifty 50,31538.91
2024-02-06,Nifty 50,31327.4
2024-02-07,Nifty 50,31701.1
2024-02-08,Nifty 50,32017.97
2024-02-09,Nifty 50,32132.06
2024-02-12,Nifty 50,31669.55
2024-02-13,Nifty 50,31887.77
2024-02-14,Nifty 50,32152.35
2024-02-15,Nifty 50,32183.45
2024-02-16,Nifty 50,32630.96
2024-02-19,Nifty 50,32400.33
2024-02-20,Nifty 50,32233.19
2024-02-21,Nifty 50,31366.74
2024-02-22,Nifty 50,31698.23
2024-02-23,Nifty 50,31821.93
2024-02-26,Nifty 50,31247.54
2024-02-27,Nifty 50,30657.14
2024-02-28,Nifty 50,30376.66
2024-02-29,Nifty 50,30655.52
2024-03-01,Nifty 50,30568.03
2024-03-04,Nifty 50,30311.18
2024-03-05,Nifty 50,29989.36
2024-03-06,Nifty 50,29656.17
2024-03-07,Nifty 50,29038.72
2024-03-08,Nifty 50,28666.11
2024-03-11,Nifty 50,28341.43
2024-03-12,Nifty 50,28566.99
2024-03-13,Nifty 50,28527.77
2024-03-14,Nifty 50,28281.54
2024-03-15,Nifty 50,29012.81
2024-03-18,Nifty 50,28813.99
2024-03-19,Nifty 50,29196.88
2024-03-20,Nifty 50,29730.66
2024-03-21,Nifty 50,29230.6
2024-03-22,Nifty 50,29267.54
2024-03-25,Nifty 50,29114.09
2024-03-26,Nifty 50,28935.38
2024-03-27,Nifty 50,29125.18
2024-03-28,Nifty 50,28938.73
2024-03-29,Nifty 50,28793.87
2024-04-01,Nifty 50,28753.58
2024-04-02,Nifty 50,28648.42
2024-04-03,Nifty 50,28291.48
2024-04-04,Nifty 50,28551.9
2024-04-05,Nifty 50,28894.06
2024-04-08,Nifty 50,29016.28
2024-04-09,Nifty 50,28909.15
2024-04-10,Nifty 50,28697.9
2024-04-11,Nifty 50,28488.7
2024-04-12,Nifty 50,29240.26
2024-04-15,Nifty 50,29555.07
2024-04-16,Nifty 50,29295.24
2024-04-17,Nifty 50,29361.5
2024-04-18,Nifty 50,29257.62
2024-04-19,Nifty 50,29458.68
2024-04-22,Nifty 50,29648.05
2024-04-23,Nifty 50,30014.79
2024-04-24,Nifty 50,29747.47
2024-04-25,Nifty 50,29795.13
2024-04-26,Nifty 50,29235.46
2024-04-29,Nifty 50,28844.27
2024-04-30,Nifty 50,29137.76
2024-05-01,Nifty 50,28846.16
2024-05-02,Nifty 50,28592.32
2024-05-03,Nifty 50,28602.58
2024-05-06,Nifty 50,28834.04
2024-05-07,Nifty 50,28510.55
2024-05-08,Nifty 50,27431.74
2024-05-09,Nifty 50,27181.5
2024-05-10,Nifty 50,27554.21
2024-05-13,Nifty 50,27670.61
2024-05-14,Nifty 50,28086.02
2024-05-15,Nifty 50,27748.99
2024-05-16,Nifty 50,27261.07
2024-05-17,Nifty 50,27412.04
2024-05-20,Nifty 50,27496.75
2024-05-21,Nifty 50,27601.54
2024-05-22,Nifty 50,27897.24
2024-05-23,Nifty 50,28039.19
2024-05-24,Nifty 50,28176.92
2024-05-27,Nifty 50,28411.21
2024-05-28,Nifty 50,28581.01
2024-05-29,Nifty 50,28863.45
2024-05-30,Nifty 50,29196.64
2024-05-31,Nifty 50,29701.7
2024-06-03,Nifty 50,29502.96
2024-06-04,Nifty 50,29672.2
2024-06-05,Nifty 50,29564.68
2024-06-06,Nifty 50,29306.9
2024-06-07,Nifty 50,29097.79
2024-06-10,Nifty 50,29269.31
2024-06-11,Nifty 50,29417.14
2024-06-12,Nifty 50,29559.95
2024-06-13,Nifty 50,29499.86
2024-06-14,Nifty 50,29514.24
2024-06-17,Nifty 50,29793.01
2024-06-18,Nifty 50,29318.31
2024-06-19,Nifty 50,29339.45
2024-06-20,Nifty 50,29381.69
2024-06-21,Nifty 50,29638.38
2024-06-24,Nifty 50,29211.5
2024-06-25,Nifty 50,29705.07
2024-06-26,Nifty 50,29788.25
2024-06-27,Nifty 50,29889.0
2024-06-28,Nifty 50,29770.49
2024-07-01,Nifty 50,29960.07
2024-07-02,Nifty 50,29989.36
2024-07-03,Nifty 50,30401.67
2024-07-04,Nifty 50,29933.29
2024-07-05,Nifty 50,30004.56
2024-07-08,Nifty 50,30152.9
2024-07-09,Nifty 50,30104.65
2024-07-10,Nifty 50,29984.19
2024-07-11,Nifty 50,29877.97
2024-07-12,Nifty 50,29948.81
2024-07-15,Nifty 50,29366.02
2024-07-16,Nifty 50,29690.96
2024-07-17,Nifty 50,29547.51
2024-07-18,Nifty 50,29602.35
2024-07-19,Nifty 50,29735.21
2024-07-22,Nifty 50,29576.6
2024-07-23,Nifty 50,29547.28
2024-07-24,Nifty 50,28899.08
2024-07-25,Nifty 50,29144.82
2024-07-26,Nifty 50,29504.2
2024-07-29,Nifty 50,28965.42
2024-07-30,Nifty 50,28848.94
2024-07-31,Nifty 50,28471.64
2024-08-01,Nifty 50,28428.79
2024-08-02,Nifty 50,28644.42
2024-08-05,Nifty 50,28968.4
2024-08-06,Nifty 50,29338.91
2024-08-07,Nifty 50,29775.07
2024-08-08,Nifty 50,29715.62
2024-08-09,Nifty 50,29354.08
2024-08-12,Nifty 50,29330.29
2024-08-13,Nifty 50,29547.8
2024-08-14,Nifty 50,29162.21
2024-08-15,Nifty 50,29707.88
2024-08-16,Nifty 50,30014.66
2024-08-19,Nifty 50,29959.97
2024-08-20,Nifty 50,29739.18
2024-08-21,Nifty 50,29533.67
2024-08-22,Nifty 50,29571.07
2024-08-23,Nifty 50,29509.75
2024-08-26,Nifty 50,29831.57
2024-08-27,Nifty 50,29732.45
2024-08-28,Nifty 50,29911.16
2024-08-29,Nifty 50,29915.1
2024-08-30,Nifty 50,30017.3
2024-09-02,Nifty 50,29954.85
2024-09-03,Nifty 50,30201.52
2024-09-04,Nifty 50,30455.15
2024-09-05,Nifty 50,30622.94
2024-09-06,Nifty 50,30841.36
2024-09-09,Nifty 50,30534.86
2024-09-10,Nifty 50,30657.17
2024-09-11,Nifty 50,31092.23
2024-09-12,Nifty 50,31274.29
2024-09-13,Nifty 50,30933.78
2024-09-16,Nifty 50,30930.77
2024-09-17,Nifty 50,31072.27
2024-09-18,Nifty 50,30827.37
2024-09-19,Nifty 50,30380.66
2024-09-20,Nifty 50,30288.69
2024-09-23,Nifty 50,30055.49
2024-09-24,Nifty 50,30064.29
2024-09-25,Nifty 50,29551.53
2024-09-26,Nifty 50,29748.4
2024-09-27,Nifty 50,29554.12
2024-09-30,Nifty 50,29891.14
2024-10-01,Nifty 50,29813.54
2024-10-02,Nifty 50,29818.63
2024-10-03,Nifty 50,29775.29
2024-10-04,Nifty 50,29563.3
2024-10-07,Nifty 50,30380.58
2024-10-08,Nifty 50,30228.54
2024-10-09,Nifty 50,30582.48
2024-10-10,Nifty 50,30228.33
2024-10-11,Nifty 50,30365.68
2024-10-14,Nifty 50,30539.29
2024-10-15,Nifty 50,30544.92
2024-10-16,Nifty 50,30366.81
2024-10-17,Nifty 50,30292.51
2024-10-18,Nifty 50,30171.76
2024-10-21,Nifty 50,30982.55
2024-10-22,Nifty 50,30988.78
2024-10-23,Nifty 50,31181.65
2024-10-24,Nifty 50,31806.78
2024-10-25,Nifty 50,31514.49
2024-10-28,Nifty 50,31541.73
2024-10-29,Nifty 50,31462.52
2024-10-30,Nifty 50,31446.87
2024-10-31,Nifty 50,31399.1
2024-11-01,Nifty 50,31160.44
2024-11-04,Nifty 50,31241.45
2024-11-05,Nifty 50,30890.32
2024-11-06,Nifty 50,31240.24
2024-11-07,Nifty 50,31468.5
2024-11-08,Nifty 50,31311.84
2024-11-11,Nifty 50,31172.67
2024-11-12,Nifty 50,31281.17
2024-11-13,Nifty 50,31020.47
2024-11-14,Nifty 50,31652.72
2024-11-15,Nifty 50,31791.59
2024-11-18,Nifty 50,31943.42
2024-11-19,Nifty 50,32197.24
2024-11-20,Nifty 50,32006.5
2024-11-21,Nifty 50,32404.31
2024-11-22,Nifty 50,32459.72
2024-11-25,Nifty 50,32813.58
2024-11-26,Nifty 50,32756.9
2024-11-27,Nifty 50,33246.29
2024-11-28,Nifty 50,33408.02
2024-11-29,Nifty 50,34225.1
2024-12-02,Nifty 50,34101.39
2024-12-03,Nifty 50,34193.46
2024-12-04,Nifty 50,33820.85
2024-12-05,Nifty 50,33639.15
2024-12-06,Nifty 50,33883.22
2024-12-09,Nifty 50,34319.39
2024-12-10,Nifty 50,35454.16
2024-12-11,Nifty 50,35432.43
2024-12-12,Nifty 50,35084.65
2024-12-13,Nifty 50,35391.17
2024-12-16,Nifty 50,34968.03
2024-12-17,Nifty 50,35200.81
2024-12-18,Nifty 50,35022.17
2024-12-19,Nifty 50,35119.45
2024-12-20,Nifty 50,35556.74
2024-12-23,Nifty 50,35529.43
2024-12-24,Nifty 50,35910.01
2024-12-25,Nifty 50,36271.08
2024-12-26,Nifty 50,35543.56
2024-12-27,Nifty 50,35207.05
2024-12-30,Nifty 50,34618.04
2024-12-31,Nifty 50,35395.88
2025-01-01,Nifty 50,35370.77
2025-01-02,Nifty 50,36079.57
2025-01-03,Nifty 50,35447.73
2025-01-06,Nifty 50,35240.34
2025-01-07,Nifty 50,35566.51
2025-01-08,Nifty 50,35652.65
2025-01-09,Nifty 50,35877.67
2025-01-10,Nifty 50,35399.0
2025-01-13,Nifty 50,35951.04
2025-01-14,Nifty 50,36274.5
2025-01-15,Nifty 50,36451.08
2025-01-16,Nifty 50,36192.57
2025-01-17,Nifty 50,36337.77
2025-01-20,Nifty 50,36237.61
2025-01-21,Nifty 50,35596.01
2025-01-22,Nifty 50,35592.28
2025-01-23,Nifty 50,35546.94
2025-01-24,Nifty 50,35978.35
2025-01-27,Nifty 50,35110.24
2025-01-28,Nifty 50,35216.88
2025-01-29,Nifty 50,34785.07
2025-01-30,Nifty 50,34922.87
2025-01-31,Nifty 50,35082.37
2025-02-03,Nifty 50,35064.64
2025-02-04,Nifty 50,35391.8
2025-02-05,Nifty 50,34922.74
2025-02-06,Nifty 50,35363.99
2025-02-07,Nifty 50,35104.46
2025-02-10,Nifty 50,34519.44
2025-02-11,Nifty 50,34431.55
2025-02-12,Nifty 50,33653.5
2025-02-13,Nifty 50,33762.74
2025-02-14,Nifty 50,33681.65
2025-02-17,Nifty 50,34153.89
2025-02-18,Nifty 50,34413.05
2025-02-19,Nifty 50,33901.61
2025-02-20,Nifty 50,33604.21
2025-02-21,Nifty 50,33811.8
2025-02-24,Nifty 50,34142.07
2025-02-25,Nifty 50,34616.56
2025-02-26,Nifty 50,35094.6
2025-02-27,Nifty 50,35075.83
2025-02-28,Nifty 50,35231.54
2025-03-03,Nifty 50,35750.71
2025-03-04,Nifty 50,35647.52
2025-03-05,Nifty 50,35812.46
2025-03-06,Nifty 50,35699.81
2025-03-07,Nifty 50,35499.52
2025-03-10,Nifty 50,35534.39
2025-03-11,Nifty 50,35281.63
2025-03-12,Nifty 50,35246.7
2025-03-13,Nifty 50,34861.3
2025-03-14,Nifty 50,34804.13
2025-03-17,Nifty 50,34991.45
2025-03-18,Nifty 50,34780.58
2025-03-19,Nifty 50,34799.78
2025-03-20,Nifty 50,34868.78
2025-03-21,Nifty 50,35058.05
2025-03-24,Nifty 50,35022.31
2025-03-25,Nifty 50,35456.4
2025-03-26,Nifty 50,34652.95
2025-03-27,Nifty 50,35788.36
2025-03-28,Nifty 50,35461.53
2025-03-31,Nifty 50,35634.84
2025-04-01,Nifty 50,35283.01
2025-04-02,Nifty 50,35548.94
2025-04-03,Nifty 50,35673.08
2025-04-04,Nifty 50,35433.79
2025-04-07,Nifty 50,35868.0
2025-04-08,Nifty 50,35819.45
2025-04-09,Nifty 50,36051.18
2025-04-10,Nifty 50,35703.69
2025-04-11,Nifty 50,35707.62
2025-04-14,Nifty 50,36510.6
2025-04-15,Nifty 50,36913.77
2025-04-16,Nifty 50,37055.29
2025-04-17,Nifty 50,36888.98
2025-04-18,Nifty 50,36932.97
2025-04-21,Nifty 50,37029.86
2025-04-22,Nifty 50,37229.5
2025-04-23,Nifty 50,36805.34
2025-04-24,Nifty 50,37092.51
2025-04-25,Nifty 50,36664.63
2025-04-28,Nifty 50,37338.98
2025-04-29,Nifty 50,37038.85
2025-04-30,Nifty 50,37176.37
2025-05-01,Nifty 50,37604.15
2025-05-02,Nifty 50,37516.67
2025-05-05,Nifty 50,37674.12
2025-05-06,Nifty 50,38285.83
2025-05-07,Nifty 50,38540.75
2025-05-08,Nifty 50,38708.83
2025-05-09,Nifty 50,38008.87
2025-05-12,Nifty 50,37635.59
2025-05-13,Nifty 50,38085.94
2025-05-14,Nifty 50,38341.86
2025-05-15,Nifty 50,38663.4
2025-05-16,Nifty 50,38951.03
2025-05-19,Nifty 50,39521.17
2025-05-20,Nifty 50,39425.32
2025-05-21,Nifty 50,39495.31
2025-05-22,Nifty 50,39066.18
2025-05-23,Nifty 50,38534.56
2025-05-26,Nifty 50,37855.15
2025-05-27,Nifty 50,37503.6
2025-05-28,Nifty 50,38160.97
2025-05-29,Nifty 50,37526.35
2025-05-30,Nifty 50,37417.94
2025-06-02,Nifty 50,36902.52
2025-06-03,Nifty 50,36675.18
2025-06-04,Nifty 50,36760.14
2025-06-05,Nifty 50,36493.58
2025-06-06,Nifty 50,36947.43
2025-06-09,Nifty 50,37587.5
2025-06-10,Nifty 50,36674.49
2025-06-11,Nifty 50,36415.47
2025-06-12,Nifty 50,36455.54
2025-06-13,Nifty 50,36923.53
2025-06-16,Nifty 50,36755.65
2025-06-17,Nifty 50,36764.13
2025-06-18,Nifty 50,36312.88
2025-06-19,Nifty 50,35716.96
2025-06-20,Nifty 50,36300.91
2025-06-23,Nifty 50,35588.87
2025-06-24,Nifty 50,36516.49
2025-06-25,Nifty 50,36824.2
2025-06-26,Nifty 50,37116.21
2025-06-27,Nifty 50,37367.86
2025-06-30,Nifty 50,37280.81
2025-07-01,Nifty 50,37458.38
2025-07-02,Nifty 50,37397.4
2025-07-03,Nifty 50,37641.75
2025-07-04,Nifty 50,37644.74
2025-07-07,Nifty 50,37268.15
2025-07-08,Nifty 50,36928.03
2025-07-09,Nifty 50,36544.82
2025-07-10,Nifty 50,36951.56
2025-07-11,Nifty 50,36717.22
2025-07-14,Nifty 50,35961.47
2025-07-15,Nifty 50,36134.63
2025-07-16,Nifty 50,36752.88
2025-07-17,Nifty 50,37081.96
2025-07-18,Nifty 50,36852.55
2025-07-21,Nifty 50,36225.88
2025-07-22,Nifty 50,36188.68
2025-07-23,Nifty 50,36141.58
2025-07-24,Nifty 50,35772.53
2025-07-25,Nifty 50,36005.46
2025-07-28,Nifty 50,36753.04
2025-07-29,Nifty 50,36859.44
2025-07-30,Nifty 50,36941.09
2025-07-31,Nifty 50,36576.87
2025-08-01,Nifty 50,37155.57
2025-08-04,Nifty 50,37141.58
2025-08-05,Nifty 50,36921.76
2025-08-06,Nifty 50,36964.24
2025-08-07,Nifty 50,37172.77
2025-08-08,Nifty 50,37246.43
2025-08-11,Nifty 50,37757.36
2025-08-12,Nifty 50,37933.83
2025-08-13,Nifty 50,37832.42
2025-08-14,Nifty 50,38016.4
2025-08-15,Nifty 50,38242.45
2025-08-18,Nifty 50,37714.31
2025-08-19,Nifty 50,38208.13
2025-08-20,Nifty 50,38098.86
2025-08-21,Nifty 50,38000.62
2025-08-22,Nifty 50,38331.8
2025-08-25,Nifty 50,38664.09
2025-08-26,Nifty 50,38383.42
2025-08-27,Nifty 50,38739.69
2025-08-28,Nifty 50,38518.3
2025-08-29,Nifty 50,39306.59
2025-09-01,Nifty 50,38966.19
2025-09-02,Nifty 50,39086.37
2025-09-03,Nifty 50,38767.73
2025-09-04,Nifty 50,39733.03
2025-09-05,Nifty 50,39209.9
2025-09-08,Nifty 50,39453.71
2025-09-09,Nifty 50,39152.52
2025-09-10,Nifty 50,39017.63
2025-09-11,Nifty 50,39229.85
2025-09-12,Nifty 50,39775.94
2025-09-15,Nifty 50,40504.14
2025-09-16,Nifty 50,39837.58
2025-09-17,Nifty 50,39972.84
2025-09-18,Nifty 50,40632.57
2025-09-19,Nifty 50,39897.59
2025-09-22,Nifty 50,40053.52
2025-09-23,Nifty 50,40070.63
2025-09-24,Nifty 50,40271.38
2025-09-25,Nifty 50,39947.38
2025-09-26,Nifty 50,39334.52
2025-09-29,Nifty 50,38524.45
2025-09-30,Nifty 50,38955.55
2025-10-01,Nifty 50,39446.18
2025-10-02,Nifty 50,39595.27
2025-10-03,Nifty 50,39380.44
2025-10-06,Nifty 50,38695.08
2025-10-07,Nifty 50,38952.28
2025-10-08,Nifty 50,38498.15
2025-10-09,Nifty 50,38214.25
2025-10-10,Nifty 50,37984.88
2025-10-13,Nifty 50,37919.44
2025-10-14,Nifty 50,37619.9
2025-10-15,Nifty 50,37650.67
2025-10-16,Nifty 50,37410.09
2025-10-17,Nifty 50,37715.54
2025-10-20,Nifty 50,38160.27
2025-10-21,Nifty 50,38223.01
2025-10-22,Nifty 50,38434.72
2025-10-23,Nifty 50,39347.41
2025-10-24,Nifty 50,38857.59
2025-10-27,Nifty 50,38347.85
2025-10-28,Nifty 50,38658.27
2025-10-29,Nifty 50,39503.42
2025-10-30,Nifty 50,39408.0
2025-10-31,Nifty 50,40174.29
2025-11-03,Nifty 50,40234.99
2025-11-04,Nifty 50,39951.74
2025-11-05,Nifty 50,39534.34
2025-11-06,Nifty 50,39825.85
2025-11-07,Nifty 50,39442.94
2025-11-10,Nifty 50,39495.95
2025-11-11,Nifty 50,40201.67
2025-11-12,Nifty 50,40084.1
2025-11-13,Nifty 50,40681.52
2025-11-14,Nifty 50,40156.32
2025-11-17,Nifty 50,39938.55
2025-11-18,Nifty 50,39338.33
2025-11-19,Nifty 50,39387.62
2025-11-20,Nifty 50,39743.33
2025-11-21,Nifty 50,39794.08
2025-11-24,Nifty 50,40349.11
2025-11-25,Nifty 50,40034.75
2025-11-26,Nifty 50,40152.0
2025-11-27,Nifty 50,39937.1
2025-11-28,Nifty 50,40113.96
2025-12-01,Nifty 50,40354.29
2025-12-02,Nifty 50,40630.97
2025-12-03,Nifty 50,40170.77
2025-12-04,Nifty 50,39795.68
2025-12-05,Nifty 50,39505.29
2025-12-08,Nifty 50,39419.26
2025-12-09,Nifty 50,39474.8
2025-12-10,Nifty 50,39800.03
2025-12-11,Nifty 50,39446.64
2025-12-12,Nifty 50,38769.69
2025-12-15,Nifty 50,39706.49
2025-12-16,Nifty 50,39230.17
2025-12-17,Nifty 50,39608.73
2025-12-18,Nifty 50,39640.17
2025-12-19,Nifty 50,39767.59
2025-12-22,Nifty 50,39784.81
2025-12-23,Nifty 50,39634.29
2025-12-24,Nifty 50,39854.41
2025-12-25,Nifty 50,39680.07
2025-12-26,Nifty 50,40206.99
2025-12-29,Nifty 50,40476.49
2025-12-30,Nifty 50,40761.67
2025-12-31,Nifty 50,40552.63
2026-01-01,Nifty 50,40465.45
2026-01-02,Nifty 50,39954.89
2026-01-05,Nifty 50,39817.72
2026-01-06,Nifty 50,39381.62
2026-01-07,Nifty 50,39968.16
2026-01-08,Nifty 50,40008.37
2026-01-09,Nifty 50,40101.41
2026-01-12,Nifty 50,40020.14
2026-01-13,Nifty 50,40125.12
2026-01-14,Nifty 50,41231.12
2026-01-15,Nifty 50,41113.55
2026-01-16,Nifty 50,40837.9
2026-01-19,Nifty 50,41094.22
2026-01-20,Nifty 50,39971.0
2026-01-21,Nifty 50,40017.11
2026-01-22,Nifty 50,39871.49
2026-01-23,Nifty 50,39454.22
2026-01-26,Nifty 50,39692.34
2026-01-27,Nifty 50,39733.77
2026-01-28,Nifty 50,38963.87
2026-01-29,Nifty 50,38704.3
2026-01-30,Nifty 50,37492.04
2026-02-02,Nifty 50,37629.86
2026-02-03,Nifty 50,37764.06
2026-02-04,Nifty 50,37451.52
2026-02-05,Nifty 50,37690.88
2026-02-06,Nifty 50,37176.12
2026-02-09,Nifty 50,36797.6
2026-02-10,Nifty 50,36983.03
2026-02-11,Nifty 50,36719.51
2026-02-12,Nifty 50,36710.73
2026-02-13,Nifty 50,36499.64
2026-02-16,Nifty 50,36351.08
2026-02-17,Nifty 50,36220.6
2026-02-18,Nifty 50,35955.3
2026-02-19,Nifty 50,36091.11
2026-02-20,Nifty 50,35858.06
2026-02-23,Nifty 50,35880.38
2026-02-24,Nifty 50,35608.91
2026-02-25,Nifty 50,35023.95
2026-02-26,Nifty 50,35391.24
2026-02-27,Nifty 50,35601.63
2026-03-02,Nifty 50,36513.94
2026-03-03,Nifty 50,36111.06
2026-03-04,Nifty 50,36044.31
2026-03-05,Nifty 50,36009.57
2026-03-06,Nifty 50,36417.67
2026-03-09,Nifty 50,36230.92
2026-03-10,Nifty 50,35780.51
2026-03-11,Nifty 50,36271.99
2026-03-12,Nifty 50,36161.97
2026-03-13,Nifty 50,36527.75
2026-03-16,Nifty 50,36850.45
2026-03-17,Nifty 50,36854.91
2026-03-18,Nifty 50,36800.83
2026-03-19,Nifty 50,36658.88
2026-03-20,Nifty 50,36669.25
2026-03-23,Nifty 50,37033.89
2026-03-24,Nifty 50,36726.11
2026-03-25,Nifty 50,36786.61
2026-03-26,Nifty 50,36350.51
2026-03-27,Nifty 50,35969.37
2026-03-30,Nifty 50,35973.31
2026-03-31,Nifty 50,35213.85
2026-04-01,Nifty 50,36027.86
2026-04-02,Nifty 50,35571.25
2026-04-03,Nifty 50,35571.58
2026-04-06,Nifty 50,36044.69
2026-04-07,Nifty 50,35718.78
2026-04-08,Nifty 50,34830.11
2026-04-09,Nifty 50,34675.31
2026-04-10,Nifty 50,34357.23
2026-04-13,Nifty 50,33512.38
2026-04-14,Nifty 50,33632.48
2026-04-15,Nifty 50,33724.23
2026-04-16,Nifty 50,34163.17
2026-04-17,Nifty 50,33757.35
2026-04-20,Nifty 50,33178.73
2026-04-21,Nifty 50,33045.22
2026-04-22,Nifty 50,33027.98
2026-04-23,Nifty 50,33377.57
2026-04-24,Nifty 50,33910.49
2026-04-27,Nifty 50,34378.77
2026-04-28,Nifty 50,34498.82
2026-04-29,Nifty 50,34817.74
2026-04-30,Nifty 50,34588.1
2026-05-01,Nifty 50,34667.74
2026-05-04,Nifty 50,34229.05
2026-05-05,Nifty 50,34268.05
2026-05-06,Nifty 50,34316.89
2026-05-07,Nifty 50,34982.41
2026-05-08,Nifty 50,34910.04
2026-05-11,Nifty 50,34960.32
2026-05-12,Nifty 50,35067.18
2026-05-13,Nifty 50,34907.52
2026-05-14,Nifty 50,34615.09
2026-05-15,Nifty 50,35125.21
2026-05-18,Nifty 50,34762.01
2026-05-19,Nifty 50,34269.88
2026-05-20,Nifty 50,34541.74
2026-05-21,Nifty 50,34997.21
2026-05-22,Nifty 50,34839.17
2026-05-25,Nifty 50,34687.74
2026-05-26,Nifty 50,34811.16
2026-05-27,Nifty 50,34555.77
2026-05-28,Nifty 50,34274.18
2026-05-29,Nifty 50,34621.23
2026-06-01,Nifty 50,34868.02
2026-06-02,Nifty 50,35386.61
2026-06-03,Nifty 50,34914.96
2026-06-04,Nifty 50,34737.69
2026-06-05,Nifty 50,34860.77
2026-06-08,Nifty 50,34521.51
2026-06-09,Nifty 50,34780.71
2026-06-10,Nifty 50,35264.89
2026-06-11,Nifty 50,35054.47
2026-06-12,Nifty 50,35085.12
2026-06-15,Nifty 50,35662.69
2026-06-16,Nifty 50,36384.57
2026-06-17,Nifty 50,36699.44
2026-06-18,Nifty 50,36955.52
2026-06-19,Nifty 50,36625.09
2026-06-22,Nifty 50,36786.29
2026-06-23,Nifty 50,37028.16
2026-06-24,Nifty 50,36959.14
2026-06-25,Nifty 50,36733.96
2026-06-26,Nifty 50,36232.76
2026-06-29,Nifty 50,35556.47
2026-06-30,Nifty 50,34810.61
2026-07-01,Nifty 50,35048.16
2026-07-02,Nifty 50,35120.87
2026-07-03,Nifty 50,34949.76
2026-07-06,Nifty 50,34838.06
2026-07-07,Nifty 50,34934.4
2026-07-08,Nifty 50,34886.88
2026-07-09,Nifty 50,34388.13
2026-07-10,Nifty 50,34748.97
2026-07-13,Nifty 50,34880.85
2026-07-14,Nifty 50,34998.57
2026-07-15,Nifty 50,35336.77
2026-07-16,Nifty 50,35036.4
2026-07-17,Nifty 50,35519.94
2026-07-20,Nifty 50,35481.21
2026-07-21,Nifty 50,35843.99
2026-07-22,Nifty 50,36149.7
2026-07-23,Nifty 50,35752.89
2026-07-24,Nifty 50,35966.76
2026-07-27,Nifty 50,36112.03
2026-07-28,Nifty 50,36140.33
2026-07-29,Nifty 50,36119.07
2026-07-30,Nifty 50,36101.2
2026-07-31,Nifty 50,36440.17
2021-08-02,Nifty 100,17110.3
2021-08-03,Nifty 100,17122.96
2021-08-04,Nifty 100,16861.91
2021-08-05,Nifty 100,16956.54
2021-08-06,Nifty 100,17092.49
2021-08-09,Nifty 100,17512.53
2021-08-10,Nifty 100,17717.64
2021-08-11,Nifty 100,17371.77
2021-08-12,Nifty 100,17393.37
2021-08-13,Nifty 100,17731.48
2021-08-16,Nifty 100,17855.02
2021-08-17,Nifty 100,17924.14
2021-08-18,Nifty 100,18101.09
2021-08-19,Nifty 100,17990.41
2021-08-20,Nifty 100,18088.27
2021-08-23,Nifty 100,18048.3
2021-08-24,Nifty 100,18052.16
2021-08-25,Nifty 100,18216.77
2021-08-26,Nifty 100,18047.17
2021-08-27,Nifty 100,18298.81
2021-08-30,Nifty 100,18225.26
2021-08-31,Nifty 100,18282.8
2021-09-01,Nifty 100,18021.62
2021-09-02,Nifty 100,18165.4
2021-09-03,Nifty 100,18448.93
2021-09-06,Nifty 100,18356.99
2021-09-07,Nifty 100,18150.7
2021-09-08,Nifty 100,18211.31
2021-09-09,Nifty 100,18497.14
2021-09-10,Nifty 100,18223.32
2021-09-13,Nifty 100,18019.29
2021-09-14,Nifty 100,17940.92
2021-09-15,Nifty 100,17793.92
2021-09-16,Nifty 100,17648.71
2021-09-17,Nifty 100,17268.06
2021-09-20,Nifty 100,17382.12
2021-09-21,Nifty 100,17451.24
2021-09-22,Nifty 100,17147.28
2021-09-23,Nifty 100,17416.84
2021-09-24,Nifty 100,17731.59
2021-09-27,Nifty 100,17599.23
2021-09-28,Nifty 100,17822.19
2021-09-29,Nifty 100,17722.45
2021-09-30,Nifty 100,17763.6
2021-10-01,Nifty 100,17615.17
2021-10-04,Nifty 100,18032.12
2021-10-05,Nifty 100,17983.64
2021-10-06,Nifty 100,18015.08
2021-10-07,Nifty 100,17892.51
2021-10-08,Nifty 100,18249.72
2021-10-11,Nifty 100,18618.9
2021-10-12,Nifty 100,18945.56
2021-10-13,Nifty 100,19143.78
2021-10-14,Nifty 100,19026.23
2021-10-15,Nifty 100,19199.61
2021-10-18,Nifty 100,19206.25
2021-10-19,Nifty 100,19478.99
2021-10-20,Nifty 100,19715.4
2021-10-21,Nifty 100,19589.28
2021-10-22,Nifty 100,19792.46
2021-10-25,Nifty 100,19942.51
2021-10-26,Nifty 100,19370.12
2021-10-27,Nifty 100,19541.15
2021-10-28,Nifty 100,19460.76
2021-10-29,Nifty 100,19287.88
2021-11-01,Nifty 100,19125.2
2021-11-02,Nifty 100,19106.08
2021-11-03,Nifty 100,19210.41
2021-11-04,Nifty 100,18943.05
2021-11-05,Nifty 100,18988.77
2021-11-08,Nifty 100,19111.74
2021-11-09,Nifty 100,19493.38
2021-11-10,Nifty 100,19281.19
2021-11-11,Nifty 100,19218.51
2021-11-12,Nifty 100,19279.38
2021-11-15,Nifty 100,19519.75
2021-11-16,Nifty 100,19465.6
2021-11-17,Nifty 100,19718.76
2021-11-18,Nifty 100,19325.92
2021-11-19,Nifty 100,19079.71
2021-11-22,Nifty 100,19157.56
2021-11-23,Nifty 100,18881.82
2021-11-24,Nifty 100,18656.9
2021-11-25,Nifty 100,18561.34
2021-11-26,Nifty 100,18719.49
2021-11-29,Nifty 100,18354.69
2021-11-30,Nifty 100,18395.22
2021-12-01,Nifty 100,18602.46
2021-12-02,Nifty 100,18572.2
2021-12-03,Nifty 100,18508.07
2021-12-06,Nifty 100,18593.92
2021-12-07,Nifty 100,18564.23
2021-12-08,Nifty 100,18843.07
2021-12-09,Nifty 100,18631.09
2021-12-10,Nifty 100,18628.81
2021-12-13,Nifty 100,18676.86
2021-12-14,Nifty 100,18610.49
2021-12-15,Nifty 100,18057.23
2021-12-16,Nifty 100,18034.31
2021-12-17,Nifty 100,18212.34
2021-12-20,Nifty 100,18368.78
2021-12-21,Nifty 100,18444.93
2021-12-22,Nifty 100,18240.05
2021-12-23,Nifty 100,18323.42
2021-12-24,Nifty 100,18220.79
2021-12-27,Nifty 100,18296.07
2021-12-28,Nifty 100,18327.09
2021-12-29,Nifty 100,18146.9
2021-12-30,Nifty 100,17984.47
2021-12-31,Nifty 100,18059.07
2022-01-03,Nifty 100,18024.73
2022-01-04,Nifty 100,17873.27
2022-01-05,Nifty 100,17707.59
2022-01-06,Nifty 100,17658.53
2022-01-07,Nifty 100,17956.7
2022-01-10,Nifty 100,17865.05
2022-01-11,Nifty 100,17869.92
2022-01-12,Nifty 100,17896.5
2022-01-13,Nifty 100,17691.48
2022-01-14,Nifty 100,17371.45
2022-01-17,Nifty 100,17191.49
2022-01-18,Nifty 100,17243.31
2022-01-19,Nifty 100,17266.36
2022-01-20,Nifty 100,17400.96
2022-01-21,Nifty 100,17425.94
2022-01-24,Nifty 100,17413.22
2022-01-25,Nifty 100,17310.09
2022-01-26,Nifty 100,17478.14
2022-01-27,Nifty 100,17316.8
2022-01-28,Nifty 100,17122.17
2022-01-31,Nifty 100,17231.31
2022-02-01,Nifty 100,16997.34
2022-02-02,Nifty 100,17435.45
2022-02-03,Nifty 100,17457.42
2022-02-04,Nifty 100,17528.52
2022-02-07,Nifty 100,17387.1
2022-02-08,Nifty 100,17336.84
2022-02-09,Nifty 100,17266.44
2022-02-10,Nifty 100,17175.46
2022-02-11,Nifty 100,17296.82
2022-02-14,Nifty 100,17222.43
2022-02-15,Nifty 100,17413.67
2022-02-16,Nifty 100,17907.93
2022-02-17,Nifty 100,17859.88
2022-02-18,Nifty 100,17895.94
2022-02-21,Nifty 100,17974.77
2022-02-22,Nifty 100,18324.21
2022-02-23,Nifty 100,18316.0
2022-02-24,Nifty 100,18164.26
2022-02-25,Nifty 100,17930.37
2022-02-28,Nifty 100,17926.98
2022-03-01,Nifty 100,17850.11
2022-03-02,Nifty 100,18234.34
2022-03-03,Nifty 100,18580.85
2022-03-04,Nifty 100,18386.85
2022-03-07,Nifty 100,18257.35
2022-03-08,Nifty 100,18279.16
2022-03-09,Nifty 100,18555.01
2022-03-10,Nifty 100,18573.91
2022-03-11,Nifty 100,18455.49
2022-03-14,Nifty 100,18451.83
2022-03-15,Nifty 100,18337.81
2022-03-16,Nifty 100,18461.52
2022-03-17,Nifty 100,18331.83
2022-03-18,Nifty 100,18241.28
2022-03-21,Nifty 100,18471.49
2022-03-22,Nifty 100,18330.22
2022-03-23,Nifty 100,18059.59
2022-03-24,Nifty 100,18085.19
2022-03-25,Nifty 100,18024.33
2022-03-28,Nifty 100,18128.69
2022-03-29,Nifty 100,18196.73
2022-03-30,Nifty 100,18198.28
2022-03-31,Nifty 100,18194.26
2022-04-01,Nifty 100,18061.32
2022-04-04,Nifty 100,18084.71
2022-04-05,Nifty 100,18259.65
2022-04-06,Nifty 100,18080.69
2022-04-07,Nifty 100,18087.26
2022-04-08,Nifty 100,18292.06
2022-04-11,Nifty 100,18396.82
2022-04-12,Nifty 100,18657.49
2022-04-13,Nifty 100,18554.03
2022-04-14,Nifty 100,18205.15
2022-04-15,Nifty 100,18251.16
2022-04-18,Nifty 100,18328.3
2022-04-19,Nifty 100,18599.35
2022-04-20,Nifty 100,18839.2
2022-04-21,Nifty 100,18953.28
2022-04-22,Nifty 100,19113.57
2022-04-25,Nifty 100,19083.1
2022-04-26,Nifty 100,18846.83
2022-04-27,Nifty 100,18878.05
2022-04-28,Nifty 100,19080.74
2022-04-29,Nifty 100,19220.25
2022-05-02,Nifty 100,19396.6
2022-05-03,Nifty 100,19317.63
2022-05-04,Nifty 100,19271.88
2022-05-05,Nifty 100,19377.8
2022-05-06,Nifty 100,19274.74
2022-05-09,Nifty 100,19178.46
2022-05-10,Nifty 100,19246.52
2022-05-11,Nifty 100,19408.37
2022-05-12,Nifty 100,19375.86
2022-05-13,Nifty 100,19147.36
2022-05-16,Nifty 100,19007.47
2022-05-17,Nifty 100,19056.1
2022-05-18,Nifty 100,19102.42
2022-05-19,Nifty 100,19158.83
2022-05-20,Nifty 100,19271.75
2022-05-23,Nifty 100,19281.02
2022-05-24,Nifty 100,19342.78
2022-05-25,Nifty 100,19341.75
2022-05-26,Nifty 100,19583.17
2022-05-27,Nifty 100,19885.92
2022-05-30,Nifty 100,19646.0
2022-05-31,Nifty 100,19601.6
2022-06-01,Nifty 100,19616.57
2022-06-02,Nifty 100,19569.83
2022-06-03,Nifty 100,19946.47
2022-06-06,Nifty 100,20001.75
2022-06-07,Nifty 100,19841.01
2022-06-08,Nifty 100,19973.6
2022-06-09,Nifty 100,20038.81
2022-06-10,Nifty 100,20111.24
2022-06-13,Nifty 100,20501.45
2022-06-14,Nifty 100,20585.57
2022-06-15,Nifty 100,20528.58
2022-06-16,Nifty 100,20115.74
2022-06-17,Nifty 100,20089.26
2022-06-20,Nifty 100,20373.17
2022-06-21,Nifty 100,20362.22
2022-06-22,Nifty 100,19891.85
2022-06-23,Nifty 100,19796.11
2022-06-24,Nifty 100,20010.77
2022-06-27,Nifty 100,20133.85
2022-06-28,Nifty 100,19964.75
2022-06-29,Nifty 100,19854.64
2022-06-30,Nifty 100,19777.36
2022-07-01,Nifty 100,19648.04
2022-07-04,Nifty 100,19237.56
2022-07-05,Nifty 100,19399.88
2022-07-06,Nifty 100,19664.09
2022-07-07,Nifty 100,19358.83
2022-07-08,Nifty 100,19619.8
2022-07-11,Nifty 100,19606.82
2022-07-12,Nifty 100,19867.27
2022-07-13,Nifty 100,19883.53
2022-07-14,Nifty 100,19920.18
2022-07-15,Nifty 100,20006.45
2022-07-18,Nifty 100,19848.88
2022-07-19,Nifty 100,20106.2
2022-07-20,Nifty 100,19877.91
2022-07-21,Nifty 100,19802.34
2022-07-22,Nifty 100,19919.66
2022-07-25,Nifty 100,19821.53
2022-07-26,Nifty 100,19991.68
2022-07-27,Nifty 100,20288.89
2022-07-28,Nifty 100,20513.11
2022-07-29,Nifty 100,20104.71
2022-08-01,Nifty 100,20139.72
2022-08-02,Nifty 100,20365.71
2022-08-03,Nifty 100,20092.69
2022-08-04,Nifty 100,20253.8
2022-08-05,Nifty 100,20404.25
2022-08-08,Nifty 100,20153.13
2022-08-09,Nifty 100,20338.13
2022-08-10,Nifty 100,20404.91
2022-08-11,Nifty 100,20552.82
2022-08-12,Nifty 100,20352.92
2022-08-15,Nifty 100,20393.55
2022-08-16,Nifty 100,20037.05
2022-08-17,Nifty 100,19566.41
2022-08-18,Nifty 100,19603.56
2022-08-19,Nifty 100,19838.34
2022-08-22,Nifty 100,19899.36
2022-08-23,Nifty 100,19894.46
2022-08-24,Nifty 100,19863.64
2022-08-25,Nifty 100,19675.39
2022-08-26,Nifty 100,19637.82
2022-08-29,Nifty 100,19733.02
2022-08-30,Nifty 100,19651.13
2022-08-31,Nifty 100,19814.26
2022-09-01,Nifty 100,19863.35
2022-09-02,Nifty 100,19937.81
2022-09-05,Nifty 100,20132.22
2022-09-06,Nifty 100,20029.32
2022-09-07,Nifty 100,20176.41
2022-09-08,Nifty 100,20103.01
2022-09-09,Nifty 100,20183.12
2022-09-12,Nifty 100,20054.74
2022-09-13,Nifty 100,19871.39
2022-09-14,Nifty 100,19898.91
2022-09-15,Nifty 100,19513.37
2022-09-16,Nifty 100,19460.87
2022-09-19,Nifty 100,19140.79
2022-09-20,Nifty 100,19305.44
2022-09-21,Nifty 100,19526.41
2022-09-22,Nifty 100,19357.48
2022-09-23,Nifty 100,19452.67
2022-09-26,Nifty 100,19644.49
2022-09-27,Nifty 100,19838.89
2022-09-28,Nifty 100,19891.89
2022-09-29,Nifty 100,20053.62
2022-09-30,Nifty 100,19925.32
2022-10-03,Nifty 100,19951.08
2022-10-04,Nifty 100,19861.6
2022-10-05,Nifty 100,19716.92
2022-10-06,Nifty 100,19732.66
2022-10-07,Nifty 100,19812.96
2022-10-10,Nifty 100,20063.33
2022-10-11,Nifty 100,20127.62
2022-10-12,Nifty 100,20271.74
2022-10-13,Nifty 100,20419.3
2022-10-14,Nifty 100,21004.09
2022-10-17,Nifty 100,20613.73
2022-10-18,Nifty 100,20473.48
2022-10-19,Nifty 100,20798.96
2022-10-20,Nifty 100,20730.82
2022-10-21,Nifty 100,20932.35
2022-10-24,Nifty 100,20991.69
2022-10-25,Nifty 100,21464.52
2022-10-26,Nifty 100,21222.68
2022-10-27,Nifty 100,21503.86
2022-10-28,Nifty 100,21907.93
2022-10-31,Nifty 100,21683.78
2022-11-01,Nifty 100,21871.13
2022-11-02,Nifty 100,21658.59
2022-11-03,Nifty 100,21674.55
2022-11-04,Nifty 100,21625.25
2022-11-07,Nifty 100,21088.76
2022-11-08,Nifty 100,21191.55
2022-11-09,Nifty 100,21232.35
2022-11-10,Nifty 100,21571.01
2022-11-11,Nifty 100,21718.49
2022-11-14,Nifty 100,22250.04
2022-11-15,Nifty 100,22284.39
2022-11-16,Nifty 100,22269.06
2022-11-17,Nifty 100,22235.3
2022-11-18,Nifty 100,22142.01
2022-11-21,Nifty 100,21638.03
2022-11-22,Nifty 100,21597.09
2022-11-23,Nifty 100,21137.23
2022-11-24,Nifty 100,21246.43
2022-11-25,Nifty 100,20978.71
2022-11-28,Nifty 100,20790.52
2022-11-29,Nifty 100,20653.12
2022-11-30,Nifty 100,20617.36
2022-12-01,Nifty 100,20627.5
2022-12-02,Nifty 100,20871.05
2022-12-05,Nifty 100,20753.25
2022-12-06,Nifty 100,20866.6
2022-12-07,Nifty 100,21473.69
2022-12-08,Nifty 100,21567.8
2022-12-09,Nifty 100,21535.98
2022-12-12,Nifty 100,21368.84
2022-12-13,Nifty 100,21334.21
2022-12-14,Nifty 100,21144.65
2022-12-15,Nifty 100,21213.18
2022-12-16,Nifty 100,21245.15
2022-12-19,Nifty 100,20771.74
2022-12-20,Nifty 100,20776.41
2022-12-21,Nifty 100,21019.9
2022-12-22,Nifty 100,20940.65
2022-12-23,Nifty 100,20805.88
2022-12-26,Nifty 100,20513.65
2022-12-27,Nifty 100,20122.06
2022-12-28,Nifty 100,20306.16
2022-12-29,Nifty 100,20276.0
2022-12-30,Nifty 100,20448.88
2023-01-02,Nifty 100,20786.26
2023-01-03,Nifty 100,20996.06
2023-01-04,Nifty 100,20885.31
2023-01-05,Nifty 100,20925.85
2023-01-06,Nifty 100,20799.56
2023-01-09,Nifty 100,20653.61
2023-01-10,Nifty 100,20736.62
2023-01-11,Nifty 100,20564.11
2023-01-12,Nifty 100,20095.74
2023-01-13,Nifty 100,19916.78
2023-01-16,Nifty 100,19860.97
2023-01-17,Nifty 100,20186.58
2023-01-18,Nifty 100,20091.0
2023-01-19,Nifty 100,20207.43
2023-01-20,Nifty 100,20180.21
2023-01-23,Nifty 100,20448.55
2023-01-24,Nifty 100,20705.58
2023-01-25,Nifty 100,20969.99
2023-01-26,Nifty 100,20597.0
2023-01-27,Nifty 100,20650.36
2023-01-30,Nifty 100,20823.59
2023-01-31,Nifty 100,20915.76
2023-02-01,Nifty 100,21064.35
2023-02-02,Nifty 100,21086.1
2023-02-03,Nifty 100,20930.06
2023-02-06,Nifty 100,20565.89
2023-02-07,Nifty 100,20435.12
2023-02-08,Nifty 100,21018.34
2023-02-09,Nifty 100,20919.99
2023-02-10,Nifty 100,20498.37
2023-02-13,Nifty 100,20664.67
2023-02-14,Nifty 100,20858.97
2023-02-15,Nifty 100,21149.68
2023-02-16,Nifty 100,21263.15
2023-02-17,Nifty 100,21460.88
2023-02-20,Nifty 100,21884.56
2023-02-21,Nifty 100,21722.45
2023-02-22,Nifty 100,21516.3
2023-02-23,Nifty 100,21278.04
2023-02-24,Nifty 100,21227.6
2023-02-27,Nifty 100,21556.01
2023-02-28,Nifty 100,21684.59
2023-03-01,Nifty 100,21804.97
2023-03-02,Nifty 100,21397.59
2023-03-03,Nifty 100,21250.84
2023-03-06,Nifty 100,20850.16
2023-03-07,Nifty 100,21115.34
2023-03-08,Nifty 100,21475.76
2023-03-09,Nifty 100,21660.57
2023-03-10,Nifty 100,21445.24
2023-03-13,Nifty 100,21787.96
2023-03-14,Nifty 100,21739.17
2023-03-15,Nifty 100,21471.09
2023-03-16,Nifty 100,21262.68
2023-03-17,Nifty 100,21175.58
2023-03-20,Nifty 100,21195.5
2023-03-21,Nifty 100,21168.49
2023-03-22,Nifty 100,20863.39
2023-03-23,Nifty 100,21137.95
2023-03-24,Nifty 100,21113.4
2023-03-27,Nifty 100,20964.03
2023-03-28,Nifty 100,21217.24
2023-03-29,Nifty 100,20962.51
2023-03-30,Nifty 100,20612.79
2023-03-31,Nifty 100,20896.85
2023-04-03,Nifty 100,21320.63
2023-04-04,Nifty 100,21226.14
2023-04-05,Nifty 100,21224.81
2023-04-06,Nifty 100,20978.18
2023-04-07,Nifty 100,20988.2
2023-04-10,Nifty 100,20892.18
2023-04-11,Nifty 100,20878.55
2023-04-12,Nifty 100,20977.04
2023-04-13,Nifty 100,20743.97
2023-04-14,Nifty 100,20673.88
2023-04-17,Nifty 100,20291.0
2023-04-18,Nifty 100,20223.89
2023-04-19,Nifty 100,20212.55
2023-04-20,Nifty 100,20269.63
2023-04-21,Nifty 100,20329.14
2023-04-24,Nifty 100,20530.62
2023-04-25,Nifty 100,20207.34
2023-04-26,Nifty 100,19900.47
2023-04-27,Nifty 100,20019.36
2023-04-28,Nifty 100,19599.17
2023-05-01,Nifty 100,19645.12
2023-05-02,Nifty 100,19409.91
2023-05-03,Nifty 100,19738.61
2023-05-04,Nifty 100,19798.81
2023-05-05,Nifty 100,19761.56
2023-05-08,Nifty 100,20024.61
2023-05-09,Nifty 100,19809.43
2023-05-10,Nifty 100,19636.08
2023-05-11,Nifty 100,19384.24
2023-05-12,Nifty 100,19216.32
2023-05-15,Nifty 100,19236.72
2023-05-16,Nifty 100,19344.57
2023-05-17,Nifty 100,19547.98
2023-05-18,Nifty 100,19181.66
2023-05-19,Nifty 100,19155.1
2023-05-22,Nifty 100,18940.26
2023-05-23,Nifty 100,18907.39
2023-05-24,Nifty 100,19378.73
2023-05-25,Nifty 100,19446.25
2023-05-26,Nifty 100,19638.08
2023-05-29,Nifty 100,20050.62
2023-05-30,Nifty 100,20296.39
2023-05-31,Nifty 100,20209.45
2023-06-01,Nifty 100,19947.21
2023-06-02,Nifty 100,19949.28
2023-06-05,Nifty 100,19838.74
2023-06-06,Nifty 100,19529.5
2023-06-07,Nifty 100,19587.11
2023-06-08,Nifty 100,19650.02
2023-06-09,Nifty 100,20023.29
2023-06-12,Nifty 100,19955.64
2023-06-13,Nifty 100,20022.71
2023-06-14,Nifty 100,19891.21
2023-06-15,Nifty 100,20081.93
2023-06-16,Nifty 100,20064.09
2023-06-19,Nifty 100,19825.49
2023-06-20,Nifty 100,19831.01
2023-06-21,Nifty 100,19920.65
2023-06-22,Nifty 100,19982.42
2023-06-23,Nifty 100,20210.25
2023-06-26,Nifty 100,19911.45
2023-06-27,Nifty 100,19743.62
2023-06-28,Nifty 100,19884.55
2023-06-29,Nifty 100,19741.47
2023-06-30,Nifty 100,19799.61
2023-07-03,Nifty 100,19304.87
2023-07-04,Nifty 100,19863.5
2023-07-05,Nifty 100,19815.59
2023-07-06,Nifty 100,20072.33
2023-07-07,Nifty 100,20009.76
2023-07-10,Nifty 100,20105.29
2023-07-11,Nifty 100,20428.69
2023-07-12,Nifty 100,20687.34
2023-07-13,Nifty 100,20651.61
2023-07-14,Nifty 100,20630.96
2023-07-17,Nifty 100,20857.02
2023-07-18,Nifty 100,21376.76
2023-07-19,Nifty 100,21428.9
2023-07-20,Nifty 100,21878.24
2023-07-21,Nifty 100,21831.97
2023-07-24,Nifty 100,22059.37
2023-07-25,Nifty 100,22323.69
2023-07-26,Nifty 100,22236.97
2023-07-27,Nifty 100,22071.87
2023-07-28,Nifty 100,22346.59
2023-07-31,Nifty 100,22231.25
2023-08-01,Nifty 100,22031.82
2023-08-02,Nifty 100,21882.85
2023-08-03,Nifty 100,21768.98
2023-08-04,Nifty 100,21973.92
2023-08-07,Nifty 100,22101.98
2023-08-08,Nifty 100,22277.35
2023-08-09,Nifty 100,22385.27
2023-08-10,Nifty 100,22255.09
2023-08-11,Nifty 100,22427.34
2023-08-14,Nifty 100,22715.21
2023-08-15,Nifty 100,22864.16
2023-08-16,Nifty 100,22981.72
2023-08-17,Nifty 100,22806.27
2023-08-18,Nifty 100,22866.57
2023-08-21,Nifty 100,22679.24
2023-08-22,Nifty 100,22683.04
2023-08-23,Nifty 100,22301.9
2023-08-24,Nifty 100,21928.97
2023-08-25,Nifty 100,21894.19
2023-08-28,Nifty 100,21777.31
2023-08-29,Nifty 100,21810.87
2023-08-30,Nifty 100,21789.17
2023-08-31,Nifty 100,21805.23
2023-09-01,Nifty 100,21953.73
2023-09-04,Nifty 100,21856.16
2023-09-05,Nifty 100,21814.98
2023-09-06,Nifty 100,22157.43
2023-09-07,Nifty 100,22167.45
2023-09-08,Nifty 100,22135.05
2023-09-11,Nifty 100,22163.52
2023-09-12,Nifty 100,22135.28
2023-09-13,Nifty 100,21979.66
2023-09-14,Nifty 100,21758.56
2023-09-15,Nifty 100,21593.28
2023-09-18,Nifty 100,21800.26
2023-09-19,Nifty 100,21665.23
2023-09-20,Nifty 100,21639.09
2023-09-21,Nifty 100,21807.39
2023-09-22,Nifty 100,21752.81
2023-09-25,Nifty 100,21906.6
2023-09-26,Nifty 100,21561.39
2023-09-27,Nifty 100,21540.45
2023-09-28,Nifty 100,21567.34
2023-09-29,Nifty 100,21581.64
2023-10-02,Nifty 100,21216.14
2023-10-03,Nifty 100,21493.07
2023-10-04,Nifty 100,21309.21
2023-10-05,Nifty 100,21393.13
2023-10-06,Nifty 100,21403.9
2023-10-09,Nifty 100,21638.46
2023-10-10,Nifty 100,22144.56
2023-10-11,Nifty 100,21853.83
2023-10-12,Nifty 100,21714.1
2023-10-13,Nifty 100,21766.33
2023-10-16,Nifty 100,21522.85
2023-10-17,Nifty 100,21708.66
2023-10-18,Nifty 100,21910.01
2023-10-19,Nifty 100,22047.92
2023-10-20,Nifty 100,22111.95
2023-10-23,Nifty 100,22439.25
2023-10-24,Nifty 100,22176.39
2023-10-25,Nifty 100,22200.91
2023-10-26,Nifty 100,22038.01
2023-10-27,Nifty 100,22253.19
2023-10-30,Nifty 100,21834.16
2023-10-31,Nifty 100,21836.89
2023-11-01,Nifty 100,21922.93
2023-11-02,Nifty 100,21714.03
2023-11-03,Nifty 100,21580.38
2023-11-06,Nifty 100,21592.93
2023-11-07,Nifty 100,21818.55
2023-11-08,Nifty 100,21591.09
2023-11-09,Nifty 100,21405.54
2023-11-10,Nifty 100,21667.51
2023-11-13,Nifty 100,21614.51
2023-11-14,Nifty 100,21447.12
2023-11-15,Nifty 100,21620.23
2023-11-16,Nifty 100,21518.48
2023-11-17,Nifty 100,21759.66
2023-11-20,Nifty 100,21617.15
2023-11-21,Nifty 100,21590.01
2023-11-22,Nifty 100,21813.29
2023-11-23,Nifty 100,21770.63
2023-11-24,Nifty 100,21952.6
2023-11-27,Nifty 100,21946.72
2023-11-28,Nifty 100,22412.6
2023-11-29,Nifty 100,22791.19
2023-11-30,Nifty 100,22482.94
2023-12-01,Nifty 100,22615.67
2023-12-04,Nifty 100,22431.3
2023-12-05,Nifty 100,22485.83
2023-12-06,Nifty 100,22511.42
2023-12-07,Nifty 100,22271.41
2023-12-08,Nifty 100,22528.29
2023-12-11,Nifty 100,22585.84
2023-12-12,Nifty 100,22527.82
2023-12-13,Nifty 100,22433.65
2023-12-14,Nifty 100,22475.99
2023-12-15,Nifty 100,22581.7
2023-12-18,Nifty 100,22561.55
2023-12-19,Nifty 100,21900.02
2023-12-20,Nifty 100,21913.1
2023-12-21,Nifty 100,21590.63
2023-12-22,Nifty 100,21552.22
2023-12-25,Nifty 100,21243.42
2023-12-26,Nifty 100,20936.38
2023-12-27,Nifty 100,21216.7
2023-12-28,Nifty 100,21154.3
2023-12-29,Nifty 100,21075.08
2024-01-01,Nifty 100,21190.71
2024-01-02,Nifty 100,21117.15
2024-01-03,Nifty 100,21592.5
2024-01-04,Nifty 100,21539.66
2024-01-05,Nifty 100,21631.29
2024-01-08,Nifty 100,21860.9
2024-01-09,Nifty 100,22237.87
2024-01-10,Nifty 100,22073.95
2024-01-11,Nifty 100,21986.35
2024-01-12,Nifty 100,22289.83
2024-01-15,Nifty 100,22488.78
2024-01-16,Nifty 100,22752.11
2024-01-17,Nifty 100,22434.69
2024-01-18,Nifty 100,22808.76
2024-01-19,Nifty 100,22635.99
2024-01-22,Nifty 100,22691.2
2024-01-23,Nifty 100,22665.42
2024-01-24,Nifty 100,22465.87
2024-01-25,Nifty 100,22142.1
2024-01-26,Nifty 100,21745.97
2024-01-29,Nifty 100,21782.28
2024-01-30,Nifty 100,21442.56
2024-01-31,Nifty 100,21196.29
2024-02-01,Nifty 100,21156.67
2024-02-02,Nifty 100,20579.36
2024-02-05,Nifty 100,20756.33
2024-02-06,Nifty 100,20239.83
2024-02-07,Nifty 100,20231.89
2024-02-08,Nifty 100,20243.57
2024-02-09,Nifty 100,20366.45
2024-02-12,Nifty 100,20366.09
2024-02-13,Nifty 100,20806.16
2024-02-14,Nifty 100,20862.15
2024-02-15,Nifty 100,21101.71
2024-02-16,Nifty 100,20950.28
2024-02-19,Nifty 100,20985.64
2024-02-20,Nifty 100,21335.46
2024-02-21,Nifty 100,21291.17
2024-02-22,Nifty 100,21343.09
2024-02-23,Nifty 100,21571.87
2024-02-26,Nifty 100,21412.81
2024-02-27,Nifty 100,20935.81
2024-02-28,Nifty 100,21000.78
2024-02-29,Nifty 100,21227.61
2024-03-01,Nifty 100,20935.31
2024-03-04,Nifty 100,21091.43
2024-03-05,Nifty 100,21250.21
2024-03-06,Nifty 100,20751.85
2024-03-07,Nifty 100,20556.56
2024-03-08,Nifty 100,20479.75
2024-03-11,Nifty 100,20449.73
2024-03-12,Nifty 100,20298.75
2024-03-13,Nifty 100,20137.4
2024-03-14,Nifty 100,20499.29
2024-03-15,Nifty 100,20484.74
2024-03-18,Nifty 100,20343.85
2024-03-19,Nifty 100,20343.6
2024-03-20,Nifty 100,20466.87
2024-03-21,Nifty 100,20486.56
2024-03-22,Nifty 100,20450.91
2024-03-25,Nifty 100,20319.92
2024-03-26,Nifty 100,20187.18
2024-03-27,Nifty 100,20068.95
2024-03-28,Nifty 100,20148.77
2024-03-29,Nifty 100,19946.9
2024-04-01,Nifty 100,20037.65
2024-04-02,Nifty 100,20343.35
2024-04-03,Nifty 100,20421.47
2024-04-04,Nifty 100,20350.8
2024-04-05,Nifty 100,20081.96
2024-04-08,Nifty 100,20423.15
2024-04-09,Nifty 100,20180.83
2024-04-10,Nifty 100,20369.11
2024-04-11,Nifty 100,20514.23
2024-04-12,Nifty 100,20471.85
2024-04-15,Nifty 100,20423.92
2024-04-16,Nifty 100,20038.83
2024-04-17,Nifty 100,20116.69
2024-04-18,Nifty 100,20256.08
2024-04-19,Nifty 100,20032.96
2024-04-22,Nifty 100,20008.59
2024-04-23,Nifty 100,20024.95
2024-04-24,Nifty 100,20156.27
2024-04-25,Nifty 100,20165.54
2024-04-26,Nifty 100,19829.66
2024-04-29,Nifty 100,19727.65
2024-04-30,Nifty 100,19782.46
2024-05-01,Nifty 100,19965.57
2024-05-02,Nifty 100,19844.48
2024-05-03,Nifty 100,20308.65
2024-05-06,Nifty 100,19913.2
2024-05-07,Nifty 100,19803.7
2024-05-08,Nifty 100,19794.75
2024-05-09,Nifty 100,19761.34
2024-05-10,Nifty 100,19513.98
2024-05-13,Nifty 100,19613.94
2024-05-14,Nifty 100,19698.6
2024-05-15,Nifty 100,19716.79
2024-05-16,Nifty 100,19793.77
2024-05-17,Nifty 100,19714.01
2024-05-20,Nifty 100,19387.5
2024-05-21,Nifty 100,19249.76
2024-05-22,Nifty 100,19289.59
2024-05-23,Nifty 100,19330.65
2024-05-24,Nifty 100,19347.17
2024-05-27,Nifty 100,19466.76
2024-05-28,Nifty 100,19356.15
2024-05-29,Nifty 100,19369.71
2024-05-30,Nifty 100,19494.19
2024-05-31,Nifty 100,19485.01
2024-06-03,Nifty 100,19238.81
2024-06-04,Nifty 100,19052.67
2024-06-05,Nifty 100,19226.88
2024-06-06,Nifty 100,19516.07
2024-06-07,Nifty 100,19765.11
2024-06-10,Nifty 100,19821.59
2024-06-11,Nifty 100,19579.51
2024-06-12,Nifty 100,19586.43
2024-06-13,Nifty 100,19915.95
2024-06-14,Nifty 100,20053.65
2024-06-17,Nifty 100,20018.38
2024-06-18,Nifty 100,20158.92
2024-06-19,Nifty 100,19898.7
2024-06-20,Nifty 100,19761.7
2024-06-21,Nifty 100,19545.04
2024-06-24,Nifty 100,19649.61
2024-06-25,Nifty 100,19805.2
2024-06-26,Nifty 100,19781.53
2024-06-27,Nifty 100,19608.52
2024-06-28,Nifty 100,19612.69
2024-07-01,Nifty 100,19520.73
2024-07-02,Nifty 100,19365.74
2024-07-03,Nifty 100,19442.8
2024-07-04,Nifty 100,19296.22
2024-07-05,Nifty 100,18986.97
2024-07-08,Nifty 100,18726.98
2024-07-09,Nifty 100,18419.59
2024-07-10,Nifty 100,18475.2
2024-07-11,Nifty 100,18512.13
2024-07-12,Nifty 100,18539.45
2024-07-15,Nifty 100,18661.64
2024-07-16,Nifty 100,18903.04
2024-07-17,Nifty 100,18793.43
2024-07-18,Nifty 100,18881.53
2024-07-19,Nifty 100,18576.29
2024-07-22,Nifty 100,18853.01
2024-07-23,Nifty 100,18614.51
2024-07-24,Nifty 100,18483.54
2024-07-25,Nifty 100,18375.3
2024-07-26,Nifty 100,18088.54
2024-07-29,Nifty 100,18102.32
2024-07-30,Nifty 100,18150.58
2024-07-31,Nifty 100,18122.11
2024-08-01,Nifty 100,17836.64
2024-08-02,Nifty 100,18215.59
2024-08-05,Nifty 100,18328.29
2024-08-06,Nifty 100,18842.93
2024-08-07,Nifty 100,18691.55
2024-08-08,Nifty 100,18887.4
2024-08-09,Nifty 100,19049.88
2024-08-12,Nifty 100,18999.76
2024-08-13,Nifty 100,19289.24
2024-08-14,Nifty 100,19215.23
2024-08-15,Nifty 100,19150.49
2024-08-16,Nifty 100,18460.49
2024-08-19,Nifty 100,18547.53
2024-08-20,Nifty 100,18297.18
2024-08-21,Nifty 100,18199.06
2024-08-22,Nifty 100,18010.6
2024-08-23,Nifty 100,17948.91
2024-08-26,Nifty 100,18040.1
2024-08-27,Nifty 100,18049.79
2024-08-28,Nifty 100,18191.86
2024-08-29,Nifty 100,18441.26
2024-08-30,Nifty 100,18377.59
2024-09-02,Nifty 100,18292.96
2024-09-03,Nifty 100,18484.6
2024-09-04,Nifty 100,18693.65
2024-09-05,Nifty 100,18846.86
2024-09-06,Nifty 100,18666.35
2024-09-09,Nifty 100,18757.03
2024-09-10,Nifty 100,18786.47
2024-09-11,Nifty 100,19001.98
2024-09-12,Nifty 100,18895.66
2024-09-13,Nifty 100,18572.93
2024-09-16,Nifty 100,18715.34
2024-09-17,Nifty 100,18220.45
2024-09-18,Nifty 100,18088.15
2024-09-19,Nifty 100,17901.42
2024-09-20,Nifty 100,17715.35
2024-09-23,Nifty 100,17583.46
2024-09-24,Nifty 100,17815.6
2024-09-25,Nifty 100,17976.58
2024-09-26,Nifty 100,17936.62
2024-09-27,Nifty 100,18157.65
2024-09-30,Nifty 100,17962.74
2024-10-01,Nifty 100,17744.28
2024-10-02,Nifty 100,17912.64
2024-10-03,Nifty 100,18029.18
2024-10-04,Nifty 100,17949.62
2024-10-07,Nifty 100,17743.16
2024-10-08,Nifty 100,18022.56
2024-10-09,Nifty 100,17704.63
2024-10-10,Nifty 100,17600.82
2024-10-11,Nifty 100,17650.45
2024-10-14,Nifty 100,17991.86
2024-10-15,Nifty 100,18071.79
2024-10-16,Nifty 100,18170.52
2024-10-17,Nifty 100,18069.52
2024-10-18,Nifty 100,18184.96
2024-10-21,Nifty 100,18212.71
2024-10-22,Nifty 100,17916.59
2024-10-23,Nifty 100,18073.29
2024-10-24,Nifty 100,18265.03
2024-10-25,Nifty 100,18426.77
2024-10-28,Nifty 100,18440.96
2024-10-29,Nifty 100,18263.56
2024-10-30,Nifty 100,17828.4
2024-10-31,Nifty 100,17865.29
2024-11-01,Nifty 100,18075.75
2024-11-04,Nifty 100,18272.29
2024-11-05,Nifty 100,18436.54
2024-11-06,Nifty 100,18429.91
2024-11-07,Nifty 100,18648.09
2024-11-08,Nifty 100,18836.88
2024-11-11,Nifty 100,18761.2
2024-11-12,Nifty 100,18902.37
2024-11-13,Nifty 100,18803.93
2024-11-14,Nifty 100,18918.45
2024-11-15,Nifty 100,18668.34
2024-11-18,Nifty 100,18436.6
2024-11-19,Nifty 100,18649.2
2024-11-20,Nifty 100,18840.62
2024-11-21,Nifty 100,18973.88
2024-11-22,Nifty 100,18999.37
2024-11-25,Nifty 100,18530.31
2024-11-26,Nifty 100,18523.52
2024-11-27,Nifty 100,18619.64
2024-11-28,Nifty 100,18522.92
2024-11-29,Nifty 100,18392.12
2024-12-02,Nifty 100,18678.79
2024-12-03,Nifty 100,18674.81
2024-12-04,Nifty 100,18771.83
2024-12-05,Nifty 100,18932.3
2024-12-06,Nifty 100,18741.18
2024-12-09,Nifty 100,18787.07
2024-12-10,Nifty 100,19055.28
2024-12-11,Nifty 100,19427.27
2024-12-12,Nifty 100,19443.58
2024-12-13,Nifty 100,19403.17
2024-12-16,Nifty 100,19466.13
2024-12-17,Nifty 100,19524.1
2024-12-18,Nifty 100,19816.59
2024-12-19,Nifty 100,19617.59
2024-12-20,Nifty 100,19568.18
2024-12-23,Nifty 100,19346.86
2024-12-24,Nifty 100,19149.39
2024-12-25,Nifty 100,19233.15
2024-12-26,Nifty 100,19404.78
2024-12-27,Nifty 100,19280.61
2024-12-30,Nifty 100,19445.02
2024-12-31,Nifty 100,19680.14
2025-01-01,Nifty 100,20088.2
2025-01-02,Nifty 100,20111.34
2025-01-03,Nifty 100,19984.69
2025-01-06,Nifty 100,19782.73
2025-01-07,Nifty 100,19562.17
2025-01-08,Nifty 100,19827.1
2025-01-09,Nifty 100,19520.01
2025-01-10,Nifty 100,19777.8
2025-01-13,Nifty 100,19605.76
2025-01-14,Nifty 100,19472.93
2025-01-15,Nifty 100,19450.12
2025-01-16,Nifty 100,19314.59
2025-01-17,Nifty 100,19511.71
2025-01-20,Nifty 100,19891.41
2025-01-21,Nifty 100,19762.45
2025-01-22,Nifty 100,19681.06
2025-01-23,Nifty 100,19655.58
2025-01-24,Nifty 100,19775.5
2025-01-27,Nifty 100,19751.93
2025-01-28,Nifty 100,20047.94
2025-01-29,Nifty 100,20297.73
2025-01-30,Nifty 100,20053.6
2025-01-31,Nifty 100,20171.72
2025-02-03,Nifty 100,20502.2
2025-02-04,Nifty 100,20404.3
2025-02-05,Nifty 100,20349.83
2025-02-06,Nifty 100,20245.55
2025-02-07,Nifty 100,20146.26
2025-02-10,Nifty 100,19801.78
2025-02-11,Nifty 100,19533.91
2025-02-12,Nifty 100,19558.01
2025-02-13,Nifty 100,19877.05
2025-02-14,Nifty 100,19757.39
2025-02-17,Nifty 100,19632.35
2025-02-18,Nifty 100,19991.34
2025-02-19,Nifty 100,19767.11
2025-02-20,Nifty 100,19430.61
2025-02-21,Nifty 100,19269.73
2025-02-24,Nifty 100,19143.73
2025-02-25,Nifty 100,18800.51
2025-02-26,Nifty 100,18783.13
2025-02-27,Nifty 100,18978.08
2025-02-28,Nifty 100,18729.79
2025-03-03,Nifty 100,18754.88
2025-03-04,Nifty 100,18840.73
2025-03-05,Nifty 100,18832.15
2025-03-06,Nifty 100,18876.78
2025-03-07,Nifty 100,18923.82
2025-03-10,Nifty 100,18770.28
2025-03-11,Nifty 100,19073.51
2025-03-12,Nifty 100,19331.41
2025-03-13,Nifty 100,19581.06
2025-03-14,Nifty 100,19797.7
2025-03-17,Nifty 100,19478.61
2025-03-18,Nifty 100,19676.2
2025-03-19,Nifty 100,19819.91
2025-03-20,Nifty 100,19508.47
2025-03-21,Nifty 100,19472.64
2025-03-24,Nifty 100,19537.41
2025-03-25,Nifty 100,19887.04
2025-03-26,Nifty 100,20046.73
2025-03-27,Nifty 100,19873.16
2025-03-28,Nifty 100,20235.28
2025-03-31,Nifty 100,20253.08
2025-04-01,Nifty 100,20207.18
2025-04-02,Nifty 100,20146.26
2025-04-03,Nifty 100,19811.28
2025-04-04,Nifty 100,19796.77
2025-04-07,Nifty 100,19908.5
2025-04-08,Nifty 100,19836.3
2025-04-09,Nifty 100,19932.2
2025-04-10,Nifty 100,19759.67
2025-04-11,Nifty 100,19738.73
2025-04-14,Nifty 100,19812.62
2025-04-15,Nifty 100,19860.4
2025-04-16,Nifty 100,19533.95
2025-04-17,Nifty 100,19452.11
2025-04-18,Nifty 100,19802.89
2025-04-21,Nifty 100,19708.82
2025-04-22,Nifty 100,19720.37
2025-04-23,Nifty 100,19710.68
2025-04-24,Nifty 100,20043.53
2025-04-25,Nifty 100,20323.51
2025-04-28,Nifty 100,20504.37
2025-04-29,Nifty 100,20303.45
2025-04-30,Nifty 100,20388.55
2025-05-01,Nifty 100,20518.7
2025-05-02,Nifty 100,20376.81
2025-05-05,Nifty 100,20199.11
2025-05-06,Nifty 100,20569.21
2025-05-07,Nifty 100,20512.88
2025-05-08,Nifty 100,20869.34
2025-05-09,Nifty 100,21096.6
2025-05-12,Nifty 100,21195.81
2025-05-13,Nifty 100,21305.43
2025-05-14,Nifty 100,21001.09
2025-05-15,Nifty 100,21055.51
2025-05-16,Nifty 100,21377.63
2025-05-19,Nifty 100,21539.54
2025-05-20,Nifty 100,21583.5
2025-05-21,Nifty 100,21980.53
2025-05-22,Nifty 100,21947.06
2025-05-23,Nifty 100,21813.5
2025-05-26,Nifty 100,21857.9
2025-05-27,Nifty 100,22042.99
2025-05-28,Nifty 100,21654.66
2025-05-29,Nifty 100,21728.53
2025-05-30,Nifty 100,21922.53
2025-06-02,Nifty 100,21869.67
2025-06-03,Nifty 100,22133.05
2025-06-04,Nifty 100,22291.36
2025-06-05,Nifty 100,22801.93
2025-06-06,Nifty 100,22631.8
2025-06-09,Nifty 100,22838.71
2025-06-10,Nifty 100,22604.34
2025-06-11,Nifty 100,22230.43
2025-06-12,Nifty 100,21764.64
2025-06-13,Nifty 100,21896.8
2025-06-16,Nifty 100,21948.36
2025-06-17,Nifty 100,21847.18
2025-06-18,Nifty 100,21449.52
2025-06-19,Nifty 100,21303.04
2025-06-20,Nifty 100,21312.9
2025-06-23,Nifty 100,21499.35
2025-06-24,Nifty 100,21504.65
2025-06-25,Nifty 100,21570.6
2025-06-26,Nifty 100,21494.47
2025-06-27,Nifty 100,21898.28
2025-06-30,Nifty 100,21673.35
2025-07-01,Nifty 100,21523.33
2025-07-02,Nifty 100,21421.1
2025-07-03,Nifty 100,21552.16
2025-07-04,Nifty 100,21326.12
2025-07-07,Nifty 100,21365.47
2025-07-08,Nifty 100,21411.43
2025-07-09,Nifty 100,21264.32
2025-07-10,Nifty 100,21346.93
2025-07-11,Nifty 100,21130.0
2025-07-14,Nifty 100,20891.04
2025-07-15,Nifty 100,20921.66
2025-07-16,Nifty 100,20565.84
2025-07-17,Nifty 100,20111.32
2025-07-18,Nifty 100,20232.29
2025-07-21,Nifty 100,20463.63
2025-07-22,Nifty 100,20371.92
2025-07-23,Nifty 100,20237.57
2025-07-24,Nifty 100,20459.74
2025-07-25,Nifty 100,20222.24
2025-07-28,Nifty 100,19941.25
2025-07-29,Nifty 100,20097.79
2025-07-30,Nifty 100,20108.14
2025-07-31,Nifty 100,20341.42
2025-08-01,Nifty 100,19892.83
2025-08-04,Nifty 100,19608.62
2025-08-05,Nifty 100,19619.81
2025-08-06,Nifty 100,19714.09
2025-08-07,Nifty 100,19897.7
2025-08-08,Nifty 100,19942.58
2025-08-11,Nifty 100,19985.43
2025-08-12,Nifty 100,19912.11
2025-08-13,Nifty 100,20253.1
2025-08-14,Nifty 100,20027.04
2025-08-15,Nifty 100,20110.94
2025-08-18,Nifty 100,19910.8
2025-08-19,Nifty 100,20030.97
2025-08-20,Nifty 100,19821.27
2025-08-21,Nifty 100,19984.4
2025-08-22,Nifty 100,20016.32
2025-08-25,Nifty 100,20391.4
2025-08-26,Nifty 100,20339.79
2025-08-27,Nifty 100,20439.09
2025-08-28,Nifty 100,20280.35
2025-08-29,Nifty 100,20227.57
2025-09-01,Nifty 100,20258.52
2025-09-02,Nifty 100,19942.17
2025-09-03,Nifty 100,19653.71
2025-09-04,Nifty 100,19785.75
2025-09-05,Nifty 100,19763.71
2025-09-08,Nifty 100,19648.97
2025-09-09,Nifty 100,19505.17
2025-09-10,Nifty 100,19370.31
2025-09-11,Nifty 100,19401.33
2025-09-12,Nifty 100,19500.14
2025-09-15,Nifty 100,19079.97
2025-09-16,Nifty 100,19371.03
2025-09-17,Nifty 100,19652.06
2025-09-18,Nifty 100,19179.39
2025-09-19,Nifty 100,19406.14
2025-09-22,Nifty 100,19629.3
2025-09-23,Nifty 100,19637.64
2025-09-24,Nifty 100,19378.42
2025-09-25,Nifty 100,19593.13
2025-09-26,Nifty 100,19551.73
2025-09-29,Nifty 100,19672.62
2025-09-30,Nifty 100,20139.29
2025-10-01,Nifty 100,20201.0
2025-10-02,Nifty 100,20015.01
2025-10-03,Nifty 100,19952.86
2025-10-06,Nifty 100,19795.84
2025-10-07,Nifty 100,19894.26
2025-10-08,Nifty 100,19734.24
2025-10-09,Nifty 100,19644.55
2025-10-10,Nifty 100,19387.86
2025-10-13,Nifty 100,19369.11
2025-10-14,Nifty 100,19413.2
2025-10-15,Nifty 100,18874.09
2025-10-16,Nifty 100,18933.46
2025-10-17,Nifty 100,18932.32
2025-10-20,Nifty 100,18788.2
2025-10-21,Nifty 100,19196.29
2025-10-22,Nifty 100,19397.55
2025-10-23,Nifty 100,19182.38
2025-10-24,Nifty 100,19359.27
2025-10-27,Nifty 100,19620.38
2025-10-28,Nifty 100,19655.82
2025-10-29,Nifty 100,19738.67
2025-10-30,Nifty 100,19817.08
2025-10-31,Nifty 100,19391.39
2025-11-03,Nifty 100,19361.49
2025-11-04,Nifty 100,19321.05
2025-11-05,Nifty 100,19619.3
2025-11-06,Nifty 100,19696.29
2025-11-07,Nifty 100,19643.01
2025-11-10,Nifty 100,19632.67
2025-11-11,Nifty 100,19851.88
2025-11-12,Nifty 100,19821.75
2025-11-13,Nifty 100,19684.76
2025-11-14,Nifty 100,19636.04
2025-11-17,Nifty 100,19838.24
2025-11-18,Nifty 100,19949.92
2025-11-19,Nifty 100,19967.57
2025-11-20,Nifty 100,20016.12
2025-11-21,Nifty 100,19906.88
2025-11-24,Nifty 100,19874.71
2025-11-25,Nifty 100,19744.63
2025-11-26,Nifty 100,19691.81
2025-11-27,Nifty 100,19978.42
2025-11-28,Nifty 100,19760.71
2025-12-01,Nifty 100,19626.1
2025-12-02,Nifty 100,19375.87
2025-12-03,Nifty 100,19084.76
2025-12-04,Nifty 100,19055.34
2025-12-05,Nifty 100,18939.78
2025-12-08,Nifty 100,19298.07
2025-12-09,Nifty 100,19248.87
2025-12-10,Nifty 100,19517.55
2025-12-11,Nifty 100,19724.13
2025-12-12,Nifty 100,19689.14
2025-12-15,Nifty 100,20133.65
2025-12-16,Nifty 100,20198.87
2025-12-17,Nifty 100,20528.25
2025-12-18,Nifty 100,20837.9
2025-12-19,Nifty 100,20937.38
2025-12-22,Nifty 100,21111.3
2025-12-23,Nifty 100,21258.51
2025-12-24,Nifty 100,21012.02
2025-12-25,Nifty 100,21033.48
2025-12-26,Nifty 100,21279.57
2025-12-29,Nifty 100,21629.51
2025-12-30,Nifty 100,21474.93
2025-12-31,Nifty 100,21603.19
2026-01-01,Nifty 100,21646.49
2026-01-02,Nifty 100,21628.79
2026-01-05,Nifty 100,21718.72
2026-01-06,Nifty 100,21777.56
2026-01-07,Nifty 100,21910.5
2026-01-08,Nifty 100,22251.39
2026-01-09,Nifty 100,22443.94
2026-01-12,Nifty 100,22526.56
2026-01-13,Nifty 100,22977.06
2026-01-14,Nifty 100,23254.49
2026-01-15,Nifty 100,23241.69
2026-01-16,Nifty 100,22954.43
2026-01-19,Nifty 100,22725.98
2026-01-20,Nifty 100,22958.22
2026-01-21,Nifty 100,22815.92
2026-01-22,Nifty 100,22584.0
2026-01-23,Nifty 100,22413.72
2026-01-26,Nifty 100,22261.36
2026-01-27,Nifty 100,22469.55
2026-01-28,Nifty 100,22442.01
2026-01-29,Nifty 100,22128.04
2026-01-30,Nifty 100,22144.55
2026-02-02,Nifty 100,22205.53
2026-02-03,Nifty 100,22103.1
2026-02-04,Nifty 100,22380.64
2026-02-05,Nifty 100,22291.12
2026-02-06,Nifty 100,22559.9
2026-02-09,Nifty 100,22710.74
2026-02-10,Nifty 100,22941.24
2026-02-11,Nifty 100,22686.25
2026-02-12,Nifty 100,22719.2
2026-02-13,Nifty 100,22716.14
2026-02-16,Nifty 100,22386.5
2026-02-17,Nifty 100,22655.66
2026-02-18,Nifty 100,22470.73
2026-02-19,Nifty 100,22336.34
2026-02-20,Nifty 100,22108.07
2026-02-23,Nifty 100,22280.12
2026-02-24,Nifty 100,21932.5
2026-02-25,Nifty 100,22084.0
2026-02-26,Nifty 100,22335.48
2026-02-27,Nifty 100,22470.85
2026-03-02,Nifty 100,22648.42
2026-03-03,Nifty 100,22838.56
2026-03-04,Nifty 100,22620.48
2026-03-05,Nifty 100,22970.75
2026-03-06,Nifty 100,22869.43
2026-03-09,Nifty 100,22863.09
2026-03-10,Nifty 100,22792.84
2026-03-11,Nifty 100,22920.05
2026-03-12,Nifty 100,22800.2
2026-03-13,Nifty 100,22825.79
2026-03-16,Nifty 100,22539.3
2026-03-17,Nifty 100,22824.4
2026-03-18,Nifty 100,22994.74
2026-03-19,Nifty 100,22933.83
2026-03-20,Nifty 100,22830.49
2026-03-23,Nifty 100,22994.61
2026-03-24,Nifty 100,22833.49
2026-03-25,Nifty 100,22873.14
2026-03-26,Nifty 100,23161.68
2026-03-27,Nifty 100,22974.11
2026-03-30,Nifty 100,23072.67
2026-03-31,Nifty 100,23158.85
2026-04-01,Nifty 100,23144.91
2026-04-02,Nifty 100,23032.2
2026-04-03,Nifty 100,23335.66
2026-04-06,Nifty 100,23199.04
2026-04-07,Nifty 100,22767.39
2026-04-08,Nifty 100,22930.08
2026-04-09,Nifty 100,22650.47
2026-04-10,Nifty 100,22824.54
2026-04-13,Nifty 100,23154.04
2026-04-14,Nifty 100,23316.87
2026-04-15,Nifty 100,23588.98
2026-04-16,Nifty 100,24099.22
2026-04-17,Nifty 100,24353.97
2026-04-20,Nifty 100,24448.73
2026-04-21,Nifty 100,24878.45
2026-04-22,Nifty 100,25347.29
2026-04-23,Nifty 100,25828.69
2026-04-24,Nifty 100,25706.07
2026-04-27,Nifty 100,25351.4
2026-04-28,Nifty 100,25214.79
2026-04-29,Nifty 100,25411.67
2026-04-30,Nifty 100,25464.81
2026-05-01,Nifty 100,25420.3
2026-05-04,Nifty 100,25580.58
2026-05-05,Nifty 100,25196.27
2026-05-06,Nifty 100,25244.2
2026-05-07,Nifty 100,25551.26
2026-05-08,Nifty 100,25709.37
2026-05-11,Nifty 100,25906.92
2026-05-12,Nifty 100,26352.32
2026-05-13,Nifty 100,26345.09
2026-05-14,Nifty 100,26175.49
2026-05-15,Nifty 100,26513.42
2026-05-18,Nifty 100,26850.58
2026-05-19,Nifty 100,27019.26
2026-05-20,Nifty 100,26985.11
2026-05-21,Nifty 100,26996.83
2026-05-22,Nifty 100,26646.25
2026-05-25,Nifty 100,26968.83
2026-05-26,Nifty 100,27285.32
2026-05-27,Nifty 100,26920.98
2026-05-28,Nifty 100,27177.54
2026-05-29,Nifty 100,27304.28
2026-06-01,Nifty 100,27022.75
2026-06-02,Nifty 100,26691.91
2026-06-03,Nifty 100,26807.8
2026-06-04,Nifty 100,26707.11
2026-06-05,Nifty 100,27228.68
2026-06-08,Nifty 100,27512.47
2026-06-09,Nifty 100,27660.87
2026-06-10,Nifty 100,27824.41
2026-06-11,Nifty 100,28224.91
2026-06-12,Nifty 100,28487.64
2026-06-15,Nifty 100,28649.1
2026-06-16,Nifty 100,28366.25
2026-06-17,Nifty 100,29290.15
2026-06-18,Nifty 100,28963.18
2026-06-19,Nifty 100,28880.29
2026-06-22,Nifty 100,28390.64
2026-06-23,Nifty 100,28563.18
2026-06-24,Nifty 100,28620.49
2026-06-25,Nifty 100,28862.49
2026-06-26,Nifty 100,28347.58
2026-06-29,Nifty 100,28690.74
2026-06-30,Nifty 100,28459.55
2026-07-01,Nifty 100,28426.98
2026-07-02,Nifty 100,28716.97
2026-07-03,Nifty 100,28807.81
2026-07-06,Nifty 100,28920.32
2026-07-07,Nifty 100,29175.15
2026-07-08,Nifty 100,29318.76
2026-07-09,Nifty 100,29226.06
2026-07-10,Nifty 100,29187.25
2026-07-13,Nifty 100,29264.44
2026-07-14,Nifty 100,29001.55
2026-07-15,Nifty 100,29317.03
2026-07-16,Nifty 100,29418.2
2026-07-17,Nifty 100,29453.66
2026-07-20,Nifty 100,29834.82
2026-07-21,Nifty 100,29809.73
2026-07-22,Nifty 100,29765.15
2026-07-23,Nifty 100,29626.19
2026-07-24,Nifty 100,29745.35
2026-07-27,Nifty 100,29854.18
2026-07-28,Nifty 100,29657.86
2026-07-29,Nifty 100,29614.98
2026-07-30,Nifty 100,29422.31
2026-07-31,Nifty 100,29216.91
